id,user,created_at,text,,,fav,RT,follower,follows
1.33225E+18,toyotask000,2020/11/27 9:26,ウーマン村本、松田優作長女・ゆう姫と熱愛　双方の所属事務所は否定せず https://t.co/bihXjO6dgX ・,0,,0,0,737,942
1.33199E+18,auraarune,2020/11/26 15:36,"みんな餅ゴリのことを言ってるのに''JYP""って書くからなんか事務所自体否定されてる感じで？？？ってなるんだがーーまあJYPって餅ゴリが建てた会社だし多少有名なアーティストだったんだから餅ゴリ宗教みたいになるのは仕方ない。ただ餅ゴリとJYPのスカウトはまじで人選力すごい。(なにが言いたいん？)",0,,0,0,191,373
1.3304E+18,arakidonsan1,2020/11/22 6:26,2020年最新 ぺこぱ事務所 2020年ブレイク間違いなし！ぺこぱの『日めくり 毎日ぺこぱ 』（３月２７日）発売決定！否定しないツッコミが話題！怒涛の快進撃を見せる話題のぺこぱ初の日めくりカレンダー発売！株式会社 大和書房2020年3月2日&amp;hellip。 https://t.co/i13wfG2g0s,0,,8,0,439,481
1.33303E+18,yosojiDarlin,2020/11/29 12:51,@Korea_lbotvse 誤解されるといけないのでことわっておきますが、何もあなたを批判したり否定しているわけではありません。形の上では「所属事務所による謝罪」ですが、それ以上にどんな具体的なことを求めているのかがわからないのでリプさせていただきました。BTSにはどんどん活躍してほしいと思うので。,,,4,0,111,109
1.33302E+18,nUzkK7iKDudhftn,2020/11/29 12:27,@hana9400nnn @qtGToKHyMFsIBi0 しかも反省文(ナチスに関しては否定してるだけ)は事務所が出しているっていう件もですかね、、、,,,3,0,51,83
1.33302E+18,kmf2kakkoii,2020/11/29 11:57,きたどうにコメントした方いるのね…それは違う気がする……この情報で色んな感情があふれかえるのも分かる、実際私も否定的なコメント見て、「確かに…」と思ってしまったけど、みっくんだけ叩かれてるのはおかしい事やと思う！他にも、事務所の方きすどきさんも関わってると思うし…,,,0,0,9,10
1.33301E+18,XhaCuWBnTX9jxJH,2020/11/29 11:35,そんな簡単に治らないと思うよ。早めに何かしら事務所から否定するなりしないと。あぁでも一般人（？）だから否定も何も出来ないか。こう言う時に文春砲食らえよ（,,,0,0,130,308
1.333E+18,Nomy0409,2020/11/29 11:03,明日は突然ふってわいた期間限定の税理士事務所の経理補助のお仕事の職場訪問！年齢も年齢だし正社員になりたくてこの４ヶ月ずっとハロワで就活して落ちまくって自己否定＆自己嫌悪で死にたくなるとこまでいった数日前,,,1,0,48,38
1.33299E+18,moriseroi_run,2020/11/29 10:18,数日見守ってたけど何も知らないのになんかもう人格否定目に余る言葉ばっかりで腹立つな。一方通行で表に出す必要もよく分かんないし本気で解決したいなら事務所同士で話せばよくないか。あとご本人何か出来たらとかファンもコラボとか言ってる人もいるけど相手辞めJr.だから非現実的だからね。,,,5,2,52,77
1.33296E+18,loveshuse,2020/11/29 8:24,...お金の為には頑張ってくしかないんだけど、、。なんだかまた、N氏に事務所に呼ばれる事態がすんげぇ恐怖だって解んないかなぁ(´･ ･`)私は表現しようしようって頑張ってる。なのにそれを否定するんだよね。てめぇが居るからそこ働き #コミュ障  過食症,,,0,0,2,38
1.33296E+18,ScamColor_2,2020/11/29 7:57,こばしりさんが自粛中に石田純一と会食？週刊誌で噂が出回るも、本人も事務所も否定せず…。https://t.co/7pvVTddsWc#こばしり #はてなブログ #石田純一 #コロナウイルス,,,0,0,55,0
1.33295E+18,karin_karin_329,2020/11/29 7:40,今の騒動で思う事。「2年半前に事務所でガチなやばい案件がおきて文句ボロカスいってんの外野。気にすんな」「グループ応援自体犯罪助長とすら言われ続け2年半。言ってんの外野。気にすんな」「○○応援するのおかしいと人間の意識すら否定してるのは気にすんな」,,,0,0,3,11
1.33295E+18,dorarara08,2020/11/29 7:35,aespaちゃんデビュー前色々とあったかもしれんけど事務所はしっかり否定したからもうそれが全てだよねいざデビューしたら結局応援している人の方が圧倒的に多いし何よりパフォーマンスでガツンと黙らせた感あるからもうただただ応援していくのみですね😌早く色んな曲聴きたいな,,,3,0,167,528
1.33294E+18,teas_bot,2020/11/29 6:34,「ちょっと大げさじゃないか？私はむーおかの人格を疑ったことはあっても否定したことは無いぞ」（天川）【月並物語―む～おか探偵デザイン事務所―】,,,3,0,154,192
1.33292E+18,tamagodegg,2020/11/29 5:34,pubｻで元🪐の山ﾘｮくんを見つけてしまったんだけどあの事務所って本当に闇深いわ、自軍滝ﾆ滝ﾆってよく言われるしまあそれについては否定しないけど体制としては今の方がよっぽど風通しがいいと思う。口が裂けても表では言えないけど稀代のｶﾘｽﾏに誰も何も言えなくなっていたんだな,,,0,0,76,87
1.33289E+18,starttkd13,2020/11/29 3:42,あとJ事務所全否定っぽい言い方してしまってごめん、、好きなアイドルが所属している友人各位ごめんなさい。全員を括って否定したいわけではない、でも全体の風潮？諸々含めて心配になるね いや心配というよりもう呆れだけどでも例えばマリちゃんとか……どう思うんだろう,,,fav,RT,follower,follows
1.33288E+18,usaginoyumemita,2020/11/29 2:57,@7Yq04818Nafj5bQ 事務所のマネージメントを否定したいからなのか、無理矢理やらされていた仕事と思いたいためか、作品をみて彼に合わないと思ったとか才能の無駄遣いとか書いてる人がちらほらいて呆れます。単に自分好みの役じゃなかったんでしょうね😓,,,4,2,100,102
1.33286E+18,negarudoryoku,2020/11/29 1:40,③足りなかったのを事務所側が補填しただけだけどこれって問題なのという民間的な感覚→政治家から有権者に金銭的供与をしても買収行為にならないと言いたいの?これがまかり通ると不足分を出しまくれば好きなだけ買収できるじゃん、民主主義の否定でもしたいの?,,,0,0,84,370
id,user,created_at,text,,,1,0,671,707
1.33278E+18,NgtDema,2020/11/28 20:23,【デマ１４】ファンと荻野の関係？荻野の所属事務所は荻野とファンとの個人交流を明確に否定している。ネットの迷探偵達が提示する証拠も嘘ばかり。https://t.co/snRcDkKayw,,,0,0,1650,1773
1.33276E+18,yeah2_nanoworld,2020/11/28 18:51,7月21日時点で事務所側は遺書の存在を否定している。三田署も然り。て事は何処の誰が報道にGoを出したのか？要人が不審死した時と同等の案件なのでは？ https://t.co/C9INDdEBwm,,,7,0,239,276
1.33273E+18,kuri_LDH_24,2020/11/28 17:01,E-girlsのことは私は何も言えない。ただプロデュースするいわゆる「事務所」だったら私も色々言ってたと思うけど、LDHはただの組織じゃないから丸ごと否定するのはできない…でも女性として憧れでしかないEgがキラキラの衣装とメイクでステージで歌って踊るってのが終わってしまうのはもったいなすぎる,,,3,0,29,24
1.33272E+18,arakidonsan1,2020/11/28 16:33,2020年最新 綾野剛 佐久間由衣 綾野剛さんの事務所は今回の熱愛報道を否定していますが、フライデー画像からは「やっぱり付き合っているんじゃないの？」と思わせるような雰囲気が漂っています！ 綾野剛さんは「３０後半で結婚したい」と言っていて、&amp;hellip。 https://t.co/Cne6CeGg71,,,0,0,0,0
1.33272E+18,___omihamasuu,2020/11/28 16:07,女の子も活躍できる場所を作るためにEGが生まれたはずなのに売り出す気ないなら最初からJ社みたいに男限定にすればよかったのにって言ったらEGの存在を否定することになっちゃうけどでも事務所のせいで今は解散がネガティブなことになってる。,,,0,0,12,0
1.33271E+18,f93313,2020/11/28 15:40,@straw3356 これ…自宅前ではなくて事務所前でやるべき事だと思います。色々な意見があると思いますし主張するのは自由、否定するのも自由だと思いますが都議会議員と言う職業をしている人の住まいに行ってやるの？せめて職場に抗議しに行きましょうよ。,,,3,0,15,48
1.33269E+18,1J1t4DHiiHYt2DE,2020/11/28 14:31,@k01r30 否定したくても自由にそのような発言をする事が出来る場がない場合はどうしたらいいのですか？当時彼は今より人気や知名度のないJr.でわざわざ事務所の公式サイトで否定してもらえるほどの立場にはありませんでしたし、手段はなかったはずです。,,,0,0,15,47
1.33268E+18,AFanWithNoName,2020/11/28 13:22,#堀北真希 は引退してないでしょ。事務所側の対応を見れば、直筆コメントでも「引退」を明言するように求めたであろうことは容易に想像できる。にも関わらず「引退」「辞める」という言葉をあえて使わなかったのは、堀北側に「引退」を否定する意図があったってこと。つまり、実際は育児休業。,,,0,0,0,6
1.33268E+18,6oH3SO1Skej3i9I,2020/11/28 13:21,誕生日のおめでとう🎊も無いそんな冷遇する事務所が春馬くんを家族だと？よく言えたもんですね😡最初の報道は午前からの撮影の現場に現れなくて不審に思ってマネージャーご迎えにと･･･？49日に完全否定しましたよね午後からの撮影、自宅に迎えに！何時に？＃約束の時間＃三浦春馬,,,0,0,12,0
1.33267E+18,37s_accessory,2020/11/28 12:53,明らかに盗作は悪い。だから今回は2年前のことだろうが、自分のものだと言ってそれで対価を得た以上事務所も本人もそれなりに謝罪をするべきだと思う。でも、だからといって樹が今までして来たこととか、散々悩んで頑張って色んな気持ち乗せて作ったリリックとか全部が否定されてしまうのは辛い。,,,0,1,48,4
1.33265E+18,EGfamily_best,2020/11/28 11:35,LDH事務所を潰したいとか言う人もおるんか。そんなこと言ってE-girlsが喜ぶとでも思いますか？こんなにも否定的にされてるE-girlsが可哀想でしょうがないです。せめて尊重くらいしてください。いやー、でもライブ最高ですね！メンバーの笑顔が素敵すぎ！嬉しくたまらん☺️,,,0,2,1732,1879
1.33264E+18,AFanWithNoName,2020/11/28 11:06,#堀北真希 は引退じゃなくて実際は育児休業だよ。「円満退社」という建前上、事務所の主張する「引退」を真っ向否定するのは難しいけれど。今 否定をしてマスゴミに周辺をうろつかれるのも御免だしね。でも堀北サイドの誰も「引退」「辞める」とは言ってないし。育児が落ち着けば活動を再開するよ。,,,9,3,548,1065
1.33262E+18,stmrwww,2020/11/28 9:58,事務所が否定してるっぽいです😖なのでこれ以上は何も...😖ですけどストも掘り返せば出てきますよね😂#マシュマロを投げ合おうhttps://t.co/eIXQhVRxw3 https://t.co/V6g062urw7,,,fav,RT,follower,follows
1.33261E+18,arugos,2020/11/28 9:06,桜を見る会の違法性を900万円という金額で判断するのは大間違い。国会での野党議員の質問に対して、首相は何十回も、詳細に事務所の関与を否定した｡これを立件しなければ今後の国会の質疑は成り立たなくなる→論座: 菅総理と検察が安倍氏に迫る「政界引退」.https://t.co/6pl3DPE1Xd@GoogleNews,,,1,0,1869,3288
1.33259E+18,k_fushimi_,2020/11/28 7:21,勇気ちひろのアンチが全肯定キモとかこれで全肯定派は全肯定やめろって言ってるけど、嫌なら見なければいい話だし、ファンがここ直した方がいいっていうのはおかしいんよ直す部分は事務所の人とか他のライバーとかが指摘するだけで、視聴者はその配信者を否定する方がおかしい,,,0,0,458,884
id,user,created_at,text,,,1,0,904,4993
1.33246E+18,mikketaicho,2020/11/27 23:05,脅迫者も国家反逆罪の共犯だと思うが？トランプ側の弁護士事務所を狙うのがフェアゲームだと？ホントこれは邪悪との闘いだなぁ。先に臭菌蔽の方が失脚するのかもしれないが。🤪日本の政治家の中にも日本国民第一に考えてない、というか外国勢力に明け渡して利を得ている輩がいるのは否定できない。 https://t.co/XmLah06rNP,,,3,0,48,49
1.33244E+18,junmuto1972,2020/11/27 21:25,いくら事務所を庇おうが、ホテルが作成した領収書が意味ないとはあり得ません。何故なら否定すると脱税。 https://t.co/m7tbx42DJq,,,22,2,711,500
1.33238E+18,30sohohba,2020/11/27 17:43,島田幸成元都議の事務所在る羽村市五ノ神一丁目に住民票置く反共主義者の私は次期衆院選で自分が会員たる東京民社協会が推薦or支持なら島田幸成元都議応援、ソレ無い場合は麻生派現職・井上信治国務相に投票。科学的社会主義いう危険思想基き皇室廃止＆私有財産否定狙う日本共産党も候補不在＝島田支援 https://t.co/d5eO6Cd3LX,,,0,0,55,0
1.33238E+18,kiki_kih1,2020/11/27 17:31,@makeawish_24 横から失礼してすみませんが上の方を否定するつもりは全くもってありませんが下の方は韓国の大手有名事務所の新人アイドルでその事務所は顔面偏差値が高いことで有名ですがその中でもビジュアルメンバーですので同世代の中ではかなり天下だと思いますよ……(個人的な意見です),,,6,2,19625,187
1.33237E+18,uniebiniku4545,2020/11/27 17:12,しなつが事務所のパイプ椅子を意図的にわざと故意に作為的にヘアアイロンで溶かしました。ちなみに彼女は犯行を否定しており、琵琶湖湖上を逃走しております。 https://t.co/FGTOzXzBHY,,,0,0,536,5001
1.33232E+18,teas_bot,2020/11/27 13:34,「ちょっと大げさじゃないか？私はむーおかの人格を疑ったことはあっても否定したことは無いぞ」（天川）【月並物語―む～おか探偵デザイン事務所―】,,,0,0,198,212
1.33229E+18,miku__arashic,2020/11/27 11:45,📺フジテレビ 大みそかの「ジャニーズカウントダウン」、例年通りの放送せず 新企画を準備▽石原取締役は「先方（ジャニーズ事務所）と話し合っている最中」とした。また今年いっぱいで活動を休止となる #嵐 が出演する可能性については「内容を詰めている最中です」と否定しなかった。 https://t.co/XDiMfxJxJ2,,,0,0,27,69
1.33226E+18,nagagutu_happy7,2020/11/27 9:57,春馬くんの件で、責任感が強い人が〜って言って自死を否定して事務所に抗議し続けてる人達がたくさんいるけど、逆にプロ意識が強くて責任感が強いからこそ、弱さや辛い気持ち悩みを表に出せなくて誰にも言えなくてパンクしちゃったってこともあるということが理解できないのだろうか⁉︎,,,0,0,32027,37399
1.33226E+18,hirotokun_ouen,2020/11/27 9:57,@kirisame_hiroto 今の事務所で4人でデビューしてほしくてバタバタしてる😭その素直なまりさちゃんの気持ちも勿論大事にしててほしいよ😭✨否定じゃないよ！,,,0,0,31518,36891
1.33226E+18,kjohnnyslove129,2020/11/27 9:38,カウコンそりゃジャニヲタのマナーがクソ悪い人たちが会場に集まる可能性も否定できないんだから無理でしょ…私だってカウコンないと年越せないし自担大倉忠義の年男年だったのに…放送別にないなら配信する？？？？事務所からの配信でいいじゃん笑笑,,,0,0,33956,40234
1.33225E+18,match_3456,2020/11/27 9:24,ウーマン村本、松田優作長女・ゆう姫と熱愛　双方の所属事務所は否定せず https://t.co/4u6edYSJw0 ・,,,0,0,39177,46610
1.33225E+18,match000ss,2020/11/27 9:22,ウーマン村本、松田優作長女・ゆう姫と熱愛　双方の所属事務所は否定せず https://t.co/ZpKIA98XVI ・,,,0,0,33755,39386
1.33225E+18,sakura000ss,2020/11/27 9:21,ウーマン村本、松田優作長女・ゆう姫と熱愛　双方の所属事務所は否定せず https://t.co/rUkT42zt4L ・,,,2,0,248,70
1.33225E+18,shigegigiss,2020/11/27 9:20,ウーマン村本、松田優作長女・ゆう姫と熱愛　双方の所属事務所は否定せず https://t.co/1wsfl830la ・,,,0,0,32027,37399
1.33224E+18,tanuki68981016,2020/11/27 8:40,@j930W70pcbp9AcE この早い判断、正しいですよね嵐出演可能性が否定されてない嵐にとって活動休止前最後のパフォーマンスになるはずそれでも現況を事務所共に考えてるやはりActAgainstAnythingチャリティーイベントは無謀で高リスクでしかない😰,,,0,0,31518,36891
1.33224E+18,toyotask000,2020/11/27 8:26,ウーマン村本、松田優作長女・ゆう姫と熱愛　双方の所属事務所は否定せず https://t.co/bihXjO6dgX ・・,,,0,0,33956,40234
1.33224E+18,match_3456,2020/11/27 8:24,ウーマン村本、松田優作長女・ゆう姫と熱愛　双方の所属事務所は否定せず https://t.co/4u6edYSJw0 ・・,,,0,0,39177,46610
1.33224E+18,match000ss,2020/11/27 8:22,ウーマン村本、松田優作長女・ゆう姫と熱愛　双方の所属事務所は否定せず https://t.co/ZpKIA98XVI ・・,,,0,0,33755,39386
1.33224E+18,sakura000ss,2020/11/27 8:21,ウーマン村本、松田優作長女・ゆう姫と熱愛　双方の所属事務所は否定せず https://t.co/rUkT42zt4L ・・,,,1866,327,104104,203
1.33224E+18,shigegigiss,2020/11/27 8:20,ウーマン村本、松田優作長女・ゆう姫と熱愛　双方の所属事務所は否定せず https://t.co/1wsfl830la ・・,,,0,0,32027,37399
1.33224E+18,arashi_Tour2017,2020/11/27 8:15,フジテレビがジャニーズカウントダウン（カウコン）を開催しないと正式発表その代わりとなる新企画を準備中との事…(現在事務所と話し合っている最中)嵐の出演について否定しなかったようです。#カウコン #ジャニーズカウントダウン #カウコン中止https://t.co/oHU4c147PJ,,,1,0,31518,36891
1.33222E+18,toyotask000,2020/11/27 7:26,ウーマン村本、松田優作長女・ゆう姫と熱愛　双方の所属事務所は否定せず https://t.co/bihXjO6dgX ・・・,,,0,0,33956,40234
1.33222E+18,match_3456,2020/11/27 7:24,ウーマン村本、松田優作長女・ゆう姫と熱愛　双方の所属事務所は否定せず https://t.co/4u6edYSJw0 ・・・,,,1,0,39177,46610
1.33222E+18,match000ss,2020/11/27 7:22,ウーマン村本、松田優作長女・ゆう姫と熱愛　双方の所属事務所は否定せず https://t.co/ZpKIA98XVI ・・・,,,0,0,33755,39386
1.33222E+18,sakura000ss,2020/11/27 7:21,ウーマン村本、松田優作長女・ゆう姫と熱愛　双方の所属事務所は否定せず https://t.co/rUkT42zt4L ・・・,,,1,0,55,53
1.33222E+18,shigegigiss,2020/11/27 7:20,ウーマン村本、松田優作長女・ゆう姫と熱愛　双方の所属事務所は否定せず https://t.co/1wsfl830la ・・・,,,1,0,3514,4880
1.33222E+18,jaru_zukan,2020/11/27 7:18,[ウルトラズ]左からトースター松林、ホンコンチュニジア、ジッパージャンパーの三人で構成されるロックバンド。代表曲は「ヤッター」「アホグラミー賞」など。本人らはウルフルズとの関係を否定していたが、芸能事務所の意向によりコラボが実現した。登場回：ウルフルズに影響されている奴 https://t.co/XjIS17hf8J,,,0,0,32027,37399
1.33221E+18,ytlegOOgelty,2020/11/27 6:35,ご結婚おめでとう御座います！瀬戸康史と山本美月はお似合い？1週間前に事務所が否定した理由… https://t.co/mcQSH05CXg瀬戸の花嫁…いいね！事務所と俳優は運命共同体ですからね…,,,0,0,31518,36891
1.33221E+18,toyotask000,2020/11/27 6:26,ウーマン村本、松田優作長女・ゆう姫と熱愛　双方の所属事務所は否定せず https://t.co/bihXjO6dgX ・・・・,,,0,0,33956,40234
1.33221E+18,match_3456,2020/11/27 6:24,ウーマン村本、松田優作長女・ゆう姫と熱愛　双方の所属事務所は否定せず https://t.co/4u6edYSJw0 ・・・・,,,0,0,39177,46610
1.33221E+18,match000ss,2020/11/27 6:22,ウーマン村本、松田優作長女・ゆう姫と熱愛　双方の所属事務所は否定せず https://t.co/ZpKIA98XVI ・・・・,,,0,0,33755,39386
1.33221E+18,sakura000ss,2020/11/27 6:21,ウーマン村本、松田優作長女・ゆう姫と熱愛　双方の所属事務所は否定せず https://t.co/rUkT42zt4L ・・・・,,,0,0,31518,36891
1.33221E+18,shigegigiss,2020/11/27 6:20,ウーマン村本、松田優作長女・ゆう姫と熱愛　双方の所属事務所は否定せず https://t.co/1wsfl830la ・・・・,,,0,0,33956,40234
1.33219E+18,match_3456,2020/11/27 5:24,ウーマン村本、松田優作長女・ゆう姫と熱愛　双方の所属事務所は否定せず https://t.co/4u6edYSJw0 ・・・・・,,,0,0,39177,46610
1.33219E+18,match000ss,2020/11/27 5:22,ウーマン村本、松田優作長女・ゆう姫と熱愛　双方の所属事務所は否定せず https://t.co/ZpKIA98XVI ・・・・・,,,1,0,33755,39386
1.33219E+18,sakura000ss,2020/11/27 5:21,ウーマン村本、松田優作長女・ゆう姫と熱愛　双方の所属事務所は否定せず https://t.co/rUkT42zt4L ・・・・・,,,0,0,523,144
1.33219E+18,shigegigiss,2020/11/27 5:20,ウーマン村本、松田優作長女・ゆう姫と熱愛　双方の所属事務所は否定せず https://t.co/1wsfl830la ・・・・・,,,0,0,32027,37399
1.33219E+18,GhettoOrgan,2020/11/27 4:51,"""安倍氏と、官房長官だった菅義偉首相は…1年以上、穴埋めや明細書の存在を否定し、虚偽と疑われる答弁を繰り返した。事実確認は秘書や事務所にとどめ、会場のホテル側には照会しないなど疑問点を放置…実態を知りながら政権運営への影響を恐れたとの見方も"" #桜を見る会 https://t.co/jeSAinpJr3",,,0,0,6,26
1.33218E+18,toyotask000,2020/11/27 4:26,ウーマン村本、松田優作長女・ゆう姫と熱愛　双方の所属事務所は否定せず https://t.co/bihXjO6dgX ・・・・・,,,0,0,32027,37399
1.33217E+18,kc_929_mc,2020/11/27 3:41,岸くんと私の曲じゃん！とか思ってたけど事務所に全力で否定されたテスト明け直後にこれはツラい🥺けど推しがかっこいいから結局めちゃくちゃ楽しみ😶https://t.co/2DE6wsDPb0,,,0,0,31518,36891
1.33216E+18,toyotask000,2020/11/27 3:26,ウーマン村本、松田優作長女・ゆう姫と熱愛　双方の所属事務所は否定せず https://t.co/bihXjO6dgX ・・・・・・,,,0,0,33956,40234
1.33216E+18,match_3456,2020/11/27 3:24,ウーマン村本、松田優作長女・ゆう姫と熱愛　双方の所属事務所は否定せず https://t.co/4u6edYSJw0 ・・・・・・,,,0,0,39177,46610
1.33216E+18,match000ss,2020/11/27 3:22,ウーマン村本、松田優作長女・ゆう姫と熱愛　双方の所属事務所は否定せず https://t.co/ZpKIA98XVI ・・・・・・,,,0,0,33755,39386
1.33216E+18,sakura000ss,2020/11/27 3:21,ウーマン村本、松田優作長女・ゆう姫と熱愛　双方の所属事務所は否定せず https://t.co/rUkT42zt4L ・・・・・・,,,0,0,9,16
1.33216E+18,shigegigiss,2020/11/27 3:20,ウーマン村本、松田優作長女・ゆう姫と熱愛　双方の所属事務所は否定せず https://t.co/1wsfl830la ・・・・・・,,,0,0,3661,4999
1.33215E+18,ANGRYOW33122333,2020/11/27 2:39,どうでもいいだろ。村本の女事情なんか。#村本大輔 交際 事務所否定せず#Yahooニュースhttps://t.co/tolhYuHXHV,,,0,0,32027,37399
1.33215E+18,Masked_Tigre,2020/11/27 2:22,ウーマン村本、松田優作長女・ゆう姫と熱愛　双方の所属事務所は否定せず（スポニチアネックス） https://t.co/HKwkv2PWUm,,,0,0,31518,36891
1.33213E+18,toyotask000,2020/11/27 1:26,ウーマン村本、松田優作長女・ゆう姫と熱愛　双方の所属事務所は否定せず https://t.co/bihXjO6dgX ・・・・・・・,,,0,0,33956,40234
1.33213E+18,match_3456,2020/11/27 1:24,ウーマン村本、松田優作長女・ゆう姫と熱愛　双方の所属事務所は否定せず https://t.co/4u6edYSJw0 ・・・・・・・,,,0,0,39177,46610
1.33213E+18,match000ss,2020/11/27 1:22,ウーマン村本、松田優作長女・ゆう姫と熱愛　双方の所属事務所は否定せず https://t.co/ZpKIA98XVI ・・・・・・・,,,0,0,33755,39386
1.33213E+18,sakura000ss,2020/11/27 1:21,ウーマン村本、松田優作長女・ゆう姫と熱愛　双方の所属事務所は否定せず https://t.co/rUkT42zt4L ・・・・・・・,,,9,0,130,164
1.33213E+18,shigegigiss,2020/11/27 1:20,ウーマン村本、松田優作長女・ゆう姫と熱愛　双方の所属事務所は否定せず https://t.co/1wsfl830la ・・・・・・・,,,0,0,32027,37399
1.33213E+18,TOMOZO2618,2020/11/27 1:15,@NBFFSNyFBu13nvg 普通の一般人なら他人にどう思われようがウキウキの時にクレバーな二人は将来を見据えてぐっと静かに…でも絶対に否定はしないそんな二人を事務所も友人達も認めて協力してくれているのかな二人共に人としても素晴らしくて、ずっと応援していきたいですね🍀,,,0,0,31518,36891
1.33212E+18,toyotask000,2020/11/27 0:26,ウーマン村本、松田優作長女・ゆう姫と熱愛　双方の所属事務所は否定せず https://t.co/bihXjO6dgX ・・・・・・・・,,,0,0,33956,40234
1.33212E+18,match_3456,2020/11/27 0:24,ウーマン村本、松田優作長女・ゆう姫と熱愛　双方の所属事務所は否定せず https://t.co/4u6edYSJw0 ・・・・・・・・,,,0,0,39177,46610
1.33212E+18,match000ss,2020/11/27 0:22,ウーマン村本、松田優作長女・ゆう姫と熱愛　双方の所属事務所は否定せず https://t.co/ZpKIA98XVI ・・・・・・・・,,,0,0,33755,39386
1.33212E+18,sakura000ss,2020/11/27 0:21,ウーマン村本、松田優作長女・ゆう姫と熱愛　双方の所属事務所は否定せず https://t.co/rUkT42zt4L ・・・・・・・・,,,1,0,396,401
1.33212E+18,shigegigiss,2020/11/27 0:20,ウーマン村本、松田優作長女・ゆう姫と熱愛　双方の所属事務所は否定せず https://t.co/1wsfl830la ・・・・・・・・,,,0,0,1198,1384
1.33212E+18,moka_popn,2020/11/27 0:16,@ega250_popn たしかに8月ぐらいにずっと推してた人がその事務所を辞めるってなったときに一時期嫌いになったんですけど、むしろ最近は、「その人のことを好きだった自分を否定したくない」っていう考えになれてる気がします！鬱なときにツイートしてたものの印象が強いんでしょうか…,,,0,0,917,25
1.33211E+18,darecolle,2020/11/27 0:07,村本大輔交際 事務所否定せず。って。知ってる？,,,fav,RT,follower,follows
1.33211E+18,trend_o,2020/11/27 0:01,村本大輔交際 事務所否定せず。って。知ってる？,,,0,0,1283,1464
id,user,created_at,text,,,0,0,623,985
1.33211E+18,trtmpgfc1,2020/11/26 23:50,村本大輔交際 事務所否定せず。って。知ってる？,,,0,0,2467,2738
1.33211E+18,masayan31091,2020/11/26 23:50,村本大輔交際 事務所否定せず。( ･ω･),,,0,0,1500,2058
1.3321E+18,naru3po,2020/11/26 23:32,村本大輔交際 事務所否定せず。って。知ってる？,,,0,0,20,39
1.3321E+18,trendswebs,2020/11/26 23:31,村本大輔交際 事務所否定せず。って。知ってる？,,,0,0,32027,37399
1.3321E+18,zzdhbeg6,2020/11/26 23:31,村本大輔交際 事務所否定せず。って。知ってる？,,,0,0,36,133
1.3321E+18,toyotask000,2020/11/26 23:26,ウーマン村本、松田優作長女・ゆう姫と熱愛　双方の所属事務所は否定せず https://t.co/bihXjO6dgX ・・・・・・・・・,,,0,0,31518,36891
1.3321E+18,djknife_,2020/11/26 23:25,このニュースに何の価値があるの？ウーマン村本、松田優作長女・ゆう姫と熱愛　双方の所属事務所は否定せず（スポニチアネックス） https://t.co/dctqEYQW4L,,,0,0,33956,40234
1.3321E+18,match_3456,2020/11/26 23:24,ウーマン村本、松田優作長女・ゆう姫と熱愛　双方の所属事務所は否定せず https://t.co/4u6edYB8Es ・・・・・・・・・,,,0,0,39177,46610
1.3321E+18,match000ss,2020/11/26 23:22,ウーマン村本、松田優作長女・ゆう姫と熱愛　双方の所属事務所は否定せず https://t.co/ZpKIA98XVI ・・・・・・・・・,,,0,0,33755,39386
1.3321E+18,sakura000ss,2020/11/26 23:21,ウーマン村本、松田優作長女・ゆう姫と熱愛　双方の所属事務所は否定せず https://t.co/rUkT42zt4L ・・・・・・・・・,,,0,0,783,851
1.3321E+18,shigegigiss,2020/11/26 23:20,ウーマン村本、松田優作長女・ゆう姫と熱愛　双方の所属事務所は否定せず https://t.co/1wsfl830la ・・・・・・・・・,,,0,0,1255,1491
1.3321E+18,himawadai,2020/11/26 22:54,村本大輔交際 事務所否定せず。って。知ってる？,,,0,0,440,535
1.33209E+18,lfmjoj76,2020/11/26 22:50,村本大輔交際 事務所否定せず。( ･ω･),,,0,0,127,343
1.33209E+18,kcity265,2020/11/26 22:49,安倍事務所の政治資金の収支報告の件を知っているのだろうか。報告しなきゃならない事を知っていたのに報告しなかった。この事だけならまだしも安倍元首相は野党議員が報告しなきゃならない、元首相のやっていることは脱法行為と指摘したのに関わらずにやにや笑って否定したのである。 https://t.co/fWxIuFVamF,,,0,0,400,506
1.33209E+18,nick_dg0,2020/11/26 22:36,自分が女性なら絶対に好きにならないタイプだが、貫いていれば好意を持つ人もいるということか。ウーマン村本、松田優作長女・ゆう姫と熱愛　双方の所属事務所は否定せず(スポニチアネックス)#Yahooニュースhttps://t.co/YPVBhKbCG4,,,0,0,1684,1821
1.33209E+18,makun3109,2020/11/26 22:35,村本大輔交際 事務所否定せず。( ･ω･),,,0,0,32027,37399
1.33209E+18,meron917,2020/11/26 22:31,村本大輔交際 事務所否定せず。( ･ω･),,,0,0,31518,36891
1.33209E+18,toyotask000,2020/11/26 22:26,ウーマン村本、松田優作長女・ゆう姫と熱愛　双方の所属事務所は否定せず https://t.co/bihXjO6dgX ・・・・・・・・・・,,,0,0,33956,40234
1.33209E+18,match_3456,2020/11/26 22:24,ウーマン村本、松田優作長女・ゆう姫と熱愛　双方の所属事務所は否定せず https://t.co/4u6edYSJw0 ・・・・・・・・・・,,,1,0,39177,46610
1.33209E+18,match000ss,2020/11/26 22:22,ウーマン村本、松田優作長女・ゆう姫と熱愛　双方の所属事務所は否定せず https://t.co/ZpKIA98XVI ・・・・・・・・・・,,,0,0,33755,39386
1.33209E+18,sakura000ss,2020/11/26 22:21,ウーマン村本、松田優作長女・ゆう姫と熱愛　双方の所属事務所は否定せず https://t.co/rUkT42zt4L ・・・・・・・・・・,,,0,0,1029,973
1.33209E+18,shigegigiss,2020/11/26 22:20,ウーマン村本、松田優作長女・ゆう姫と熱愛　双方の所属事務所は否定せず https://t.co/1wsfl830la ・・・・・・・・・・,,,0,0,975,975
1.33208E+18,TrendHunter001,2020/11/26 22:10,村本大輔交際 事務所否定せず。って。知ってる？,,,0,0,1511,1689
1.33208E+18,trend_bot12,2020/11/26 22:10,村本大輔交際 事務所否定せず。って。知ってる？,,,0,0,59,71
1.33208E+18,syunnneta,2020/11/26 21:57,村本大輔交際 事務所否定せず。って。知ってる？,,,0,0,1984,2176
1.33208E+18,indiehobby,2020/11/26 21:45,村本大輔交際 事務所否定せず。って。知ってる？,,,0,0,31518,36891
1.33208E+18,piko374,2020/11/26 21:35,村本大輔交際 事務所否定せず。って。知ってる？,,,0,0,1550,1484
1.33207E+18,match_3456,2020/11/26 21:25,ウーマン村本、松田優作長女・ゆう姫と熱愛　双方の所属事務所は否定せず https://t.co/4u6edYSJw0,,,0,0,33755,39386
1.33207E+18,cin153zeo,2020/11/26 21:22,村本大輔交際 事務所否定せず。って。知ってる？,,,0,0,2960,3122
1.33207E+18,shigegigiss,2020/11/26 21:20,ウーマン村本、松田優作長女・ゆう姫と熱愛　双方の所属事務所は否定せず https://t.co/1wsfl830la,,,0,0,2467,2738
1.33207E+18,rinmama29,2020/11/26 21:18,村本大輔交際 事務所否定せず。って。知ってる？,,,0,0,917,25
1.33207E+18,naru3po,2020/11/26 21:02,村本大輔交際 事務所否定せず。(｀・∀・´),,,0,0,2888,2906
1.33207E+18,trend_o,2020/11/26 21:01,村本大輔交際 事務所否定せず。(｀・∀・´),,,0,0,2127,2391
1.33207E+18,pastel950,2020/11/26 21:01,村本大輔交際 事務所否定せず。(｀・∀・´),,,0,0,5,42
1.33207E+18,newans_tw,2020/11/26 21:00,村本大輔交際 事務所否定せず。(｀・∀・´),,,0,0,912,1227
1.33206E+18,2nd_faith,2020/11/26 20:52,そういえば最近みなかった。#村本大輔 交際 事務所否定せず#Yahooニュースhttps://t.co/E2vkmZV7XD,,,0,0,1300,1629
1.33206E+18,masapon3109,2020/11/26 20:23,村本大輔交際 事務所否定せず。(｀・∀・´),,,0,0,783,851
1.33205E+18,hrnkjm48,2020/11/26 20:02,村本大輔交際 事務所否定せず。(´Д｀υ),,,0,0,623,985
1.33205E+18,himawadai,2020/11/26 19:54,村本大輔交際 事務所否定せず。(｀・∀・´),,,0,0,1283,1464
1.33205E+18,masayan31091,2020/11/26 19:50,村本大輔交際 事務所否定せず。(´Д｀υ),,,0,0,912,1227
1.33205E+18,trtmpgfc1,2020/11/26 19:50,村本大輔交際 事務所否定せず。(｀・∀・´),,,0,0,1500,2058
1.33205E+18,masapon3109,2020/11/26 19:49,村本大輔交際 事務所否定せず。(´Д｀υ),,,0,0,1550,1484
1.33204E+18,trendswebs,2020/11/26 19:31,村本大輔交際 事務所否定せず。(｀・∀・´),,,0,0,2014,2229
1.33204E+18,cin153zeo,2020/11/26 19:22,村本大輔交際 事務所否定せず。(｀・∀・´),,,0,0,2960,3122
1.33204E+18,mrmrym,2020/11/26 19:00,村本大輔交際 事務所否定せず。(｀・∀・´),,,0,0,1124,1284
1.33203E+18,rinmama29,2020/11/26 18:48,村本大輔交際 事務所否定せず。(｀・∀・´),,,0,0,1984,2176
1.33203E+18,followsite4,2020/11/26 18:38,村本大輔交際 事務所否定せず。(´Д｀υ),,,0,0,975,975
1.33203E+18,piko374,2020/11/26 18:35,村本大輔交際 事務所否定せず。(｀・∀・´),,,0,0,59,71
1.33203E+18,trend_bot12,2020/11/26 18:20,村本大輔交際 事務所否定せず。(｀・∀・´),,,0,0,2960,3122
1.33202E+18,indiehobby,2020/11/26 17:45,村本大輔交際 事務所否定せず。( ・ω・),,,0,0,518,820
1.33201E+18,rinmama29,2020/11/26 17:18,村本大輔交際 事務所否定せず。( ・ω・),,,0,0,623,985
1.33201E+18,ryou3109,2020/11/26 17:10,村本大輔交際 事務所否定せず。話題のキーワード,,,0,0,1500,2058
1.332E+18,masayan31091,2020/11/26 16:50,村本大輔交際 事務所否定せず。話題のキーワード,,,0,0,9559,10865
1.332E+18,trendswebs,2020/11/26 16:31,村本大輔交際 事務所否定せず。( ・ω・),,,0,0,917,25
1.33199E+18,ch14850230,2020/11/26 16:07,村本大輔交際 事務所否定せず。話題のキーワード,,,0,0,975,975
1.33199E+18,trend_o,2020/11/26 16:01,村本大輔交際 事務所否定せず。( ・ω・),,,0,0,783,851
1.33199E+18,trend_bot12,2020/11/26 16:00,村本大輔交際 事務所否定せず。( ・ω・),,,0,0,912,1227
1.33199E+18,himawadai,2020/11/26 15:54,村本大輔交際 事務所否定せず。( ・ω・),,,0,0,1124,1284
1.33199E+18,masapon3109,2020/11/26 15:49,村本大輔交際 事務所否定せず。話題のキーワード,,,0,0,1198,1384
1.33199E+18,followsite4,2020/11/26 15:38,村本大輔交際 事務所否定せず。話題のキーワード,,,0,0,79,153
1.33199E+18,darecolle,2020/11/26 15:37,村本大輔交際 事務所否定せず。( ・ω・),,,0,0,2467,2738
1.33198E+18,naru3po,2020/11/26 15:32,村本大輔交際 事務所否定せず。( ・ω・),,,0,0,1684,1821
1.33198E+18,meron917,2020/11/26 15:31,村本大輔交際 事務所否定せず。話題のキーワード,,,0,0,2127,2391
1.33198E+18,newans_tw,2020/11/26 15:30,村本大輔交際 事務所否定せず。( ・ω・),,,0,0,1511,1689
1.33198E+18,syunnneta,2020/11/26 15:27,村本大輔交際 事務所否定せず。( ・ω・),,,0,0,19,136
1.33198E+18,okamoto_kitamu,2020/11/26 15:13,村本大輔交際 事務所否定せず https://t.co/gnr61qgqaC https://t.co/FTBSJ94KjF,,,0,0,2057,2312
1.33198E+18,4umirakuda,2020/11/26 15:13,村本大輔交際 事務所否定せず https://t.co/lvpJAMvOrR https://t.co/MHT3dHjiNE,,,0,0,31,88
1.33198E+18,wn281414,2020/11/26 15:12,彼が選んだ道を否定したくないのに事務所があまりにもクソブランディングなせいで勝手に不安になってしまうのはやめたい,,,0,0,893,956
1.33197E+18,J8fEi6OL,2020/11/26 14:55,村本大輔交際 事務所否定せず。・・そうなんだ。,,,0,0,783,851
1.33197E+18,himawadai,2020/11/26 14:54,村本大輔交際 事務所否定せず。・・そうなんだ。,,,0,0,3679,4048
1.33197E+18,hepter5,2020/11/26 14:43,村本大輔交際 事務所否定せず。・・そうなんだ。,,,7,1,94,69
1.33197E+18,IbMh4xdQY6QtWro,2020/11/26 14:22,@tanuki68981016 違法かはわからないですがうそは言えないですよね~49日の事務所コメもそうですが。曖昧…虚偽になる。嘘は言えないだから…都合の悪いとこは触れない…言葉のマジックかな…例えば　マネは帰国を支持してないと否定。会社が支持したかも？ってでもそこには触れてないから嘘はついてない,,,1,0,29,23
1.33196E+18,__geonu202,2020/11/26 14:11,セブチは割とkポ界隈では知名度ある方だと思ってるけど、他にも知名度低かったり事務所が弱くて日本の番組出れない方達もいるので……結局事務所の力で売れるのはなんだか……エナのことももちろん好きだし否定はしないけど,,,0,0,17,44
1.33196E+18,mno795g,2020/11/26 14:05,無断なのは、ちょっと、、庇うつもりさらさら無いし本人も事務所もそれはきちんとするべきだったけど今現在の田中樹の頑張りとスキルを否定されるのはほんとに辛い.......胸が苦しい....,,,0,0,2888,2906
1.33196E+18,pastel950,2020/11/26 14:01,村本大輔交際 事務所否定せず。・・そうなんだ。,,,0,0,3,42
1.33196E+18,____focus,2020/11/26 13:55,否定する人はちゃんと否定するからいいけど大手事務所はいちいち反応しないから人によってはそれを真実だと思い込む人もいる,,,0,0,1029,973
1.33196E+18,TrendHunter001,2020/11/26 13:50,村本大輔交際 事務所否定せず。・・そうなんだ。,,,0,0,12,12
1.33196E+18,EUd68,2020/11/26 13:43,@il重いから捨てられたって言われた子は是非来て欲しい。貴方の考えは否定しないって約束するし極力肯定してあげたい。俺の為に専垢作ってくれる子は勿論、贔屓対象やし箱を沢山入れてくれる子も贔屓対象。求めてるのは基本的に関西の子。勿論、東西やら先輩後輩事務所やら界隈関係無く絡みたい。,,,0,0,192,1353
1.33196E+18,Jin_TM,2020/11/26 13:37,松田優作の娘がセンスのカケラも無いということは良く分かった。ウーマン村本、松田優作長女・ゆう姫と熱愛　双方の所属事務所は否定せず(スポニチアネックス)#Yahooニュースhttps://t.co/cog6ARZRaQ,,,0,0,20,39
1.33195E+18,zzdhbeg6,2020/11/26 13:31,村本大輔交際 事務所否定せず。・・そうなんだ。,,,0,0,1511,1689
1.33195E+18,syunnneta,2020/11/26 13:27,村本大輔交際 事務所否定せず。・・そうなんだ。,,,0,0,344,717
1.33195E+18,dqrn,2020/11/26 13:27,これじゃNY行きはまた遠のきそうですね。。。村本大輔交際 事務所否定せず#Yahooニュースhttps://t.co/UbgKJQ48ZN,,,0,0,2926,3281
1.33195E+18,nandh0113,2020/11/26 13:16,村本大輔交際 事務所否定せず。・・そうなんだ。,,,0,0,807,1876
1.33195E+18,chibi444444,2020/11/26 13:12,ウーマン村本、松田優作長女・ゆう姫と熱愛　双方の所属事務所は否定せず(スポニチアネックス)#Yahooニュースhttps://t.co/UOz7hIRvb1月末の #居酒屋タックルズ で触れて欲しいニュースだな,,,1,0,8781,8816
1.33195E+18,xG37tBNHHsonPi2,2020/11/26 13:10,村本大輔交際 事務所否定せず#Yahooニュースhttps://t.co/gwKnm94cWb,,,0,0,112,41
1.33195E+18,risasa_20140901,2020/11/26 13:09,ウーマン村本、松田優作長女・ゆう姫と熱愛　双方の所属事務所は否定せず（スポニチアネックス） https://t.co/A3oDAhrhV7 松田兄弟の義弟になる可能性があるのかー,,,0,0,1525,1755
1.33195E+18,REN0tweet,2020/11/26 13:06,村本大輔交際 事務所否定せず。( ・ω・),,,0,0,1255,1491
1.33195E+18,lfmjoj76,2020/11/26 13:05,村本大輔交際 事務所否定せず。( ・ω・),,,1,0,243,198
1.33195E+18,ensei921,2020/11/26 13:03,ウーマン村本、松田優作長女・ゆう姫と熱愛　双方の所属事務所は否定せず松田優作の娘と付き合えるなんてすごいね。 https://t.co/ZoXL0mPEHh,,,0,0,1399,1069
1.33195E+18,SHOTT2012,2020/11/26 13:02,もはやこういうネタでしか存在確認ができなくなってきてますね、この人。ウーマン村本、松田優作長女・ゆう姫と熱愛　双方の所属事務所は否定せず(スポニチアネックス)#Yahooニュースhttps://t.co/gSxEYGB1K0,,,0,0,3427,3972
1.33195E+18,sanpi900,2020/11/26 13:00,村本大輔交際 事務所否定せず。・・そうなんだ。,,,1,0,103,256
1.33195E+18,high_raison,2020/11/26 12:59,村本大輔交際 事務所否定せず#Yahooニュースhttps://t.co/9NYM9Bcva3 　どーでもいいですよっ,,,4,1,5596,3477
1.33195E+18,Tak89891,2020/11/26 12:59,私は村本さんが大嫌いだが、恋愛するのは自由。いくら村本さんが大嫌いでも、これをネタにして批判したり、揶揄する連中はおかしい。#話題 #芸能人 #村本大輔村本大輔交際 事務所否定せず 2020年11月26日 https://t.co/zRbGEe0Fdl,,,0,0,272,1033
1.33195E+18,OKINAonaka,2020/11/26 12:57,両方知らん村本大輔交際 事務所否定せず#Yahooニュースhttps://t.co/9P9Qjfg6P3,,,0,0,623,985
1.33194E+18,masayan31091,2020/11/26 12:50,村本大輔交際 事務所否定せず。( ・ω・),,,0,0,0,64
1.33194E+18,j5e5e,2020/11/26 12:49,ウーマン村本、松田優作長女・ゆう姫と熱愛　双方の所属事務所は否定せず（スポニチアネックス） https://t.co/sM4KQ2tpwE,,,1,0,2042,2144
1.33194E+18,hirokazu0923,2020/11/26 12:45,☆みんなのニュース☆11.26(木)☀️🔻全国の感染、5日間で1万人増🔻都の重症60人、緊急宣言後最多🔻兵庫で新たに184人感染、最多🔻札幌、接待伴う店に休業要請🔻血液の在庫ひっ迫、コロナで🔻バブルなみ、熱海に不動産特需🔻慶応大と東京歯科大、合併へ🔻村本大輔交際、事務所否定せず https://t.co/o9pF66LkHm,,,0,0,59,71
1.33194E+18,indiehobby,2020/11/26 12:45,村本大輔交際 事務所否定せず。・・そうなんだ。,,,0,0,1124,1284
1.33194E+18,followsite4,2020/11/26 12:38,村本大輔交際 事務所否定せず。( ・ω・),,,fav,RT,follower,follows
id,user,created_at,text,,,0,0,1198,1384
1.33194E+18,darecolle,2020/11/26 12:37,村本大輔交際 事務所否定せず。・・そうなんだ。,,,0,0,1984,2176
1.33194E+18,piko374,2020/11/26 12:35,村本大輔交際 事務所否定せず。・・そうなんだ。,,,0,0,2127,2391
1.33194E+18,newans_tw,2020/11/26 12:30,村本大輔交際 事務所否定せず。・・そうなんだ。,,,0,0,975,975
1.33194E+18,trend_bot12,2020/11/26 12:30,村本大輔交際 事務所否定せず。・・そうなんだ。,,,0,0,4,0
1.33194E+18,VdzSfRRnHPyvaZ0,2020/11/26 12:23,別メンの名前に惹かれてリアタイしたらラウールさんが出てて、その時点で炎上芸人は単独仕事やめとけ…と思ってたのに「士気低そう」とか言っててあ、これ危ないな思ったら案の定燃えてたてかそもそも他事務所向けならいいけど直属の後輩に先輩否定するような質問はハードル高いだろう,,,0,0,518,820
1.33194E+18,ryou3109,2020/11/26 12:20,村本大輔交際 事務所否定せず。( ・ω・),,,0,0,1124,1284
1.33193E+18,followsite4,2020/11/26 12:08,村本大輔交際 事務所否定せず。・・って。,,,0,0,444,1341
1.33193E+18,kojimaamane,2020/11/26 11:56,"""複数の参加者は特捜部の任意の調べに「食事も物足りず、寄付を受けた認識はない」などと説明し、会費を上回る利益供与を受けた認識を否定。安倍事務所の関係者も調べに対し、「選挙のために差額を寄付した意識はなかった」と供述した。"" https://t.co/esKKyu33L2",,,0,0,1283,1464
1.33193E+18,trtmpgfc1,2020/11/26 11:50,村本大輔交際 事務所否定せず。。なるほどなあ。,,,0,0,1116,2374
1.33193E+18,28142,2020/11/26 11:49,村本大輔交際 事務所否定せず https://t.co/DqqFGetetc,,,0,0,195,195
1.33193E+18,seiya_goji,2020/11/26 11:48,ウーマン村本、松田優作長女・ゆう姫と熱愛　双方の所属事務所は否定せず(スポニチアネックス)#Yahooニュースhttps://t.co/qnN2sauuZD,,,0,0,20317,23297
1.33193E+18,sazankuwata,2020/11/26 11:43,» ウーマン村本、松田優作長女・ゆう姫と熱愛　双方の所属事務所は否定せず（スポニチアネックス） - Yahoo!ニュース https://t.co/AfejF9jHqd,,,1,0,53,91
1.33192E+18,AJcyZwrLjS4LYIz,2020/11/26 11:21,ウーマン村本、松田優作長女・ゆう姫と熱愛　双方の所属事務所は否定せず(スポニチアネックス)#Yahooニュースhttps://t.co/O3dL3anWlv,,,0,1,583,155
1.33192E+18,tatuki_h,2020/11/26 11:20,「2019～20年の国会で、事実と異なる答弁を少なくとも33回」。桜で事務所関与の否定が16回。ホテル発行の明細書がないと10回。差額補填の否定が7回。→安倍氏の「事実と異なる国会答弁」33回、分析すると…三つのパターン（毎日）https://t.co/r3vt1Ho5aC,,,0,0,130,810
1.33192E+18,vill_maik,2020/11/26 11:19,うああああああ！｜ウーマン村本、松田優作長女・ゆう姫と熱愛　双方の所属事務所は否定せず #ウーマンラッシュアワー #村本大輔 #松田ゆう姫https://t.co/6hxaw4W6AJ,,,0,0,725,719
1.33192E+18,sun_us_sun,2020/11/26 11:16,どぉっでもいいから反応しないでおこうと思ったけどあんまりにもどうでもよすぎて逆につぶやいちゃった。ほんっとこのニュース要る？てほどのどーでもよさ。ウーマン村本、松田優作長女・ゆう姫と熱愛　双方の所属事務所は否定せず(スポニチアネックス)#Yahooニュースhttps://t.co/AlXqcyS5wO,,,0,0,2926,3281
1.33192E+18,nandh0113,2020/11/26 11:16,村本大輔交際 事務所否定せず。。なるほどなあ。,,,0,0,59,71
1.33192E+18,indiehobby,2020/11/26 11:15,村本大輔交際 事務所否定せず。。なるほどなあ。,,,0,0,9559,10865
1.33192E+18,ch14850230,2020/11/26 11:07,村本大輔交際 事務所否定せず。・・って。,,,1,0,48,56
1.33192E+18,Darkkni22480908,2020/11/26 11:06,こんなカスが誰と付き合おうとそんなの(`Д ´(#)ノ彡関係ねーウーマン村本、松田優作長女・ゆう姫と熱愛　双方の所属事務所は否定せず(スポニチアネックス)#Yahooニュースhttps://t.co/6G2M7lZDto,,,0,0,1525,1755
1.33192E+18,REN0tweet,2020/11/26 11:06,村本大輔交際 事務所否定せず。・・って。,,,0,0,384,1100
1.33192E+18,52Marumi,2020/11/26 11:05,村本大輔交際 事務所否定せず#Yahooニュースhttps://t.co/G8aJw2lxjw,,,0,0,1174,2291
1.33192E+18,yeti8,2020/11/26 10:59,残念だな、松田さん。〉村本大輔交際 事務所否定せず#Yahooニュースhttps://t.co/Mk1nqQi4uy,,,0,0,1511,1689
1.33191E+18,syunnneta,2020/11/26 10:57,村本大輔交際 事務所否定せず。。なるほどなあ。,,,0,0,232,476
1.33191E+18,preciousuknow,2020/11/26 10:50,価値観の相違とか、直接相対しているからこそわかる反感・違和感というのは私にはわからないから、彼の事務所に対して異を唱えて対立した人達を否定はできないしする気もない火の届かぬ対岸からあれこれ言う気もないからだから、異を唱えて全面対立した人の価値観にも痛いほど共感できるわけ,,,0,0,48,25
1.33191E+18,muttbob,2020/11/26 10:48,安倍氏の「事実と異なる国会答弁」33回、分析すると…三つのパターン 毎日 https://t.co/li6Ifta4hr1．ホテルとの契約で安倍事務所の関与を否定・参加者とホテルが個々に契約・事務所は調整だけ2．ホテル発行の明細書はない3．後援会も事務所も補填していない菅氏も同趣旨で答弁を繰り返した。,,,0,0,1409,3149
1.33191E+18,corgiya0,2020/11/26 10:42,ウーマン村本、松田優作長女・ゆう姫と熱愛　双方の所属事務所は否定せず(スポニチアネックス)#Yahooニュースhttps://t.co/7vABAihjsS,,,5,0,110,149
1.33191E+18,tayaya_0716,2020/11/26 10:39,TV出てないのに、Yahoo!ニューストップに上がるの、さすが✨😆村本大輔交際 事務所否定せず 2020年11月26日 https://t.co/XpRxFWDvyi,,,0,0,172,198
1.33191E+18,amico0530,2020/11/26 10:34,ある程度俳優やってると、「落ちる」ってことに慣れてくるんです。どれだけ才能があっても、その役とか事務所の雰囲気に合ってなかったら落ちる。でも落ちても自分の人間性を否定されてる訳じゃないから落ち込まない。そのマインドって何に挑戦する上でも大事なんじゃないかなあとぼんやり思ってます。,,,2,0,562,427
1.33191E+18,shanghaibaby76,2020/11/26 10:34,ウーマン村本、松田優作長女・ゆう姫と熱愛　双方の所属事務所は否定せず（スポニチアネックス）#Yahooニュース https://t.co/cUcVZk9Cvj 本日最大の無駄クリックした,,,0,0,476,344
1.33191E+18,khr6173,2020/11/26 10:24,変わり者同士良いんじゃない？(笑)ウーマン村本、松田優作長女・ゆう姫と熱愛　双方の所属事務所は否定せず（スポニチアネックス） https://t.co/9GKlhG3y4a,,,0,0,3717,5000
1.33191E+18,SVictory82,2020/11/26 10:24,村本大輔交際 事務所否定せず#Yahooニュースhttps://t.co/4URP43C3MK,,,2,0,287,281
1.33191E+18,U9PAEA83wMw9EHk,2020/11/26 10:23,@arexmav339 そうそれこそ匂わせと言われてますますイメージ⤵️チラホラそんな印象操作のツイートや記事も見かける。だけど事務所も違うのに否定もせず、ずっとシンクロ続いてるよね🍊日にちや時間までも数字に括る意味はなんぞやということ。もう🐴🦌でもわかるでしょ。sugarで配信は歪曲されないからだよねきっと,,,0,0,441,128
1.33191E+18,again_ka6kun,2020/11/26 10:23,村本大輔交際 事務所否定せず - Yahoo!ニュース他にニュースなかったんかな？ https://t.co/LByfw5KzNg,,,0,0,745,1638
1.33191E+18,aban_umibohz,2020/11/26 10:18,ウーマン村本、松田優作長女・ゆう姫と熱愛　双方の所属事務所は否定せず（スポニチアネックス）あら😳おめでたい🎉 https://t.co/FlwExMtnif,,,1,0,825,1722
1.33191E+18,akasaka7777,2020/11/26 10:18,村本大輔交際 事務所否定せず#Yahooニュースhttps://t.co/4Zum3xkRx7　どうでもいい,,,0,0,0,0
1.33191E+18,RHMIVujNwAyUbgD,2020/11/26 10:18,松田ゆう姫の顔を検索して全く羨ましいとは思わなかった！村本らしくないぞ！もっとがんばれ！明日花キララさんくらい捕まえて欲しいぞ！ウーマン村本、松田優作長女・ゆう姫と熱愛　双方の所属事務所は否定せず（スポニチアネックス） - Yahoo!ニュース https://t.co/LTlAeLrV7O,,,0,0,2960,3122
1.33191E+18,rinmama29,2020/11/26 10:18,村本大輔交際 事務所否定せず。。なるほどなあ。,,,4,0,8970,8682
1.3319E+18,jjhuQPWjakk7cPr,2020/11/26 10:17,村本大輔交際 事務所否定せず 2020年11月26日 https://t.co/SGyukuej2a,,,0,0,15089,16643
1.3319E+18,jiromaru55,2020/11/26 10:17,村本大輔交際 事務所否定せず 2020年11月26日 https://t.co/bi3jgI7ABy,,,1,0,590,762
1.3319E+18,MP_KusoTweet,2020/11/26 10:12,なんじゃこりゃぁ”ウーマン村本、松田優作長女・ゆう姫と熱愛　双方の所属事務所は否定せず（スポニチアネックス） https://t.co/PZDoElJQ6o,,,0,0,87,328
1.3319E+18,info_cdfgeojp,2020/11/26 10:08,村本大輔交際 事務所否定せず#Yahooニュースhttps://t.co/hzGALpUflQ 村本の交際ごときで、と思ったら、相手が松田優作の娘さんなのね,,,0,0,1198,1384
1.3319E+18,darecolle,2020/11/26 10:07,村本大輔交際 事務所否定せず。。なるほどなあ。,,,0,0,68,220
1.3319E+18,dr_suzuki48,2020/11/26 10:03,村本って小栗有以が好きでAKBINGOで推しまくってたよね村本大輔交際 事務所否定せず - Yahoo!ニュース https://t.co/rHVtbok9eQ,,,0,0,290,647
1.3319E+18,miyuJLN,2020/11/26 10:02,村本大輔交際 事務所否定せず#Yahooニュースhttps://t.co/igdXIFjx8y村Pマジか、でも40歳だからな……,,,0,0,20,39
1.3319E+18,zzdhbeg6,2020/11/26 10:01,村本大輔交際 事務所否定せず。。なるほどなあ。,,,0,0,1684,1821
1.3319E+18,meron917,2020/11/26 10:01,村本大輔交際 事務所否定せず。・・って。,,,2,0,223,723
1.3319E+18,inspacejp,2020/11/26 9:57,村本大輔交際 事務所否定せず 2020年11月26日 https://t.co/osv5IhiL1y,,,0,0,975,975
1.3319E+18,trend_bot12,2020/11/26 9:50,村本大輔交際 事務所否定せず。。なるほどなあ。,,,0,0,6,11
1.3319E+18,8isDBFlnhdOmlNl,2020/11/26 9:50,村本大輔交際 事務所否定せず#Yahooニュースhttps://t.co/mjdhn3V9Jsすげぇ朝生でみていられないほど醜態さらしたと思ったが、ただの村本大輔ではなかったかわしにはこの者をはかりしるのは難しいし、何より打たれても打たれても自で行く姿には感心そしてわしが気になってた松田ゆう姫か金星,,,0,0,1029,973
1.3319E+18,TrendHunter001,2020/11/26 9:50,村本大輔交際 事務所否定せず。。なるほどなあ。,,,0,0,393,440
1.3319E+18,roppongitengoku,2020/11/26 9:49,もうでも良いだろう！こんな馬鹿！村本大輔交際 事務所否定せず 2020年11月26日 https://t.co/0Zc4pHhJqZ,,,0,0,912,1227
1.3319E+18,masapon3109,2020/11/26 9:49,村本大輔交際 事務所否定せず。・・って。,,,0,0,4,11
1.3319E+18,NBZC7vL7696xAFU,2020/11/26 9:41,村本大輔交際 事務所否定せず#Yahooニュースhttps://t.co/EVVTa4tYpq,,,0,0,150,228
1.33189E+18,sabotagest,2020/11/26 9:36,取材拒否！立憲・安住国対委員長「ホテル会場費2000円」政治資金パーティー問題に説明責任果たさず逃亡 | KSL-Live! https://t.co/ZuZ03FQyXa政治知新の記事の矛盾点を指摘しつつ実態についての回答を求めたものの、無回答で逃げているため矛盾点の否定さえできてない立憲の国対委員長事務所の話。,,,0,0,548,787
1.33189E+18,twisportsu,2020/11/26 9:32,こいつまだ日本にいたのw村本大輔交際 事務所否定せず 2020年11月26日 https://t.co/x6S0E8fZoH,,,0,0,3661,4999
1.33189E+18,Masked_Tigre,2020/11/26 9:32,ウーマン村本、松田優作長女・ゆう姫と熱愛　双方の所属事務所は否定せず(スポニチアネックス)#Yahooニュースhttps://t.co/fBsP0lvebU,,,0,0,53,223
1.33189E+18,kasawayakasann,2020/11/26 9:29,ウーマン村本、松田優作長女・ゆう姫と熱愛　双方の所属事務所は否定せず（スポニチアネックス） https://t.co/3IRYPeMV4uそうだろうな、スケベーの顔だよな😃,,,5,0,1252,821
1.33189E+18,ikiritensei,2020/11/26 9:27,オシッコとナンプラー混ぜたら、ワンチャン美味しくなる？？？ウーマン村本、松田優作長女・ゆう姫と熱愛　双方の所属事務所は否定せず（スポニチアネックス） - Yahoo!ニュース https://t.co/v3fEgVo5Z2,,,0,0,462,606
1.33189E+18,patapata_patao8,2020/11/26 9:24,どーでもいいとりあえず反日野郎は日本から出ていってくれ💢村本大輔交際 事務所否定せず#Yahooニュースhttps://t.co/DN6LxDsFzl,,,0,0,939,1408
1.33189E+18,styleofOK,2020/11/26 9:21,ウーマン村本、松田優作長女・ゆう姫と熱愛　双方の所属事務所は否定せず（スポニチアネックス） https://t.co/0qo1h29oku,,,0,0,4064,5001
1.33189E+18,AAj9m4e,2020/11/26 9:20,村本大輔交際 事務所否定せず#Yahooニュース  春香クリスティーンも交際した噂も囁かれた。 https://t.co/0YvwwAWaSM,,,0,0,67,67
1.33189E+18,1i2r3m6s,2020/11/26 9:17,ジャニーさん最後の推しメンを今売り出してくれてるのはジャニーさんのいない今の事務所なんだからジャニーさん持ち上げ今の事務所及び副社長否定する人がしゃべくりではしゃいでるのちゃんちゃらおかしいよね,,,0,0,122,147
1.33189E+18,bob_mori,2020/11/26 9:15,村本大輔交際 事務所否定せず#Yahooニュースhttps://t.co/PjQSI45T09https://t.co/BNq0PTRh8g,,,1,0,3718,3805
1.33189E+18,t_wish_0917,2020/11/26 9:13,村本大輔交際 事務所否定せず#Yahooニュースhttps://t.co/xRqrKAas2x,,,1,0,3466,3943
1.33189E+18,ryukyuasagao,2020/11/26 9:12,村本大輔交際 事務所否定せず#Yahooニュースhttps://t.co/OUF5h0tepkえっ松田優作長女・ゆう姫と熱愛,,,0,0,1606,4153
1.33189E+18,PayPayNews,2020/11/26 9:11,ウーマンラッシュアワーの村本大輔と故松田優作さんの長女でアーティストの松田ゆう姫の熱愛を女性セブンが報道。双方の所属事務所は「プライベートは本人に任せております」と交際を否定しなかった。2人の関係は急速に深まっているという。 https://t.co/Blfik9qv70 https://t.co/A2gcvXCaTl,,,0,0,18,14
1.33189E+18,PeakoR,2020/11/26 9:08,村本大輔交際 事務所否定せず https://t.co/SFfafBRFix,,,1,0,437,506
1.33189E+18,zettour27,2020/11/26 9:06,コロナ禍のなかで、ちょっとホッとする話お幸せに！ウーマン村本、松田優作長女・ゆう姫と熱愛　双方の所属事務所は否定せず(スポニチアネックス)#Yahooニュースhttps://t.co/OW23M3sPBL,,,0,0,105,601
1.33189E+18,shoko_tkhm,2020/11/26 9:04,芸能人の噂話はだいたい関心ないけど、YJYとは意外だった。最近聴いてない。村本大輔交際 事務所否定せず#Yahooニュース https://t.co/w8evPmAQ4m,,,0,0,509,2131
1.33189E+18,omg2together,2020/11/26 9:04,村本大輔交際 事務所否定せず - Yahoo!ニュースおー！村本氏彼女すげーじゃん！ https://t.co/0260UBsYWk,,,0,0,1785,4710
1.33189E+18,qf_shonkyboy_yk,2020/11/26 9:01,村本大輔交際 事務所否定せず https://t.co/l2iwIK8msh,,,2,0,208,484
1.33188E+18,BEAT_JIGEN,2020/11/26 8:55,めんどくさい事ばっか言ってるイメージしかなかったが優作さん美由紀さんの娘さんが惚れたのならば相当カッコいい人なんじゃないか。村本大輔交際 事務所否定せず#Yahooニュースhttps://t.co/Y1kHsqhX95,,,0,0,71,226
1.33188E+18,Takashi19720106,2020/11/26 8:49,ウーマン村本、松田優作長女・ゆう姫と熱愛　双方の所属事務所は否定せず(スポニチアネックス)#Yahooニュースhttps://t.co/SO94pmUZIS,,,1,4,25696,24344
1.33188E+18,miyudesuyo,2020/11/26 8:47,ウーマン村本、松田優作長女・ゆう姫と熱愛　双方の所属事務所は否定せず(スポニチアネックス)#Yahooニュースhttps://t.co/XPOLw3i4oc  |-`)あーなるほど。,,,2,0,943,567
1.33188E+18,inokori_3814,2020/11/26 8:45,松田ゆう姫、とんでもねーのに捕まったなウーマン村本、松田優作長女・ゆう姫と熱愛　双方の所属事務所は否定せず(スポニチアネックス)#Yahooニュースhttps://t.co/40m7n9TvMe,,,0,0,287,198
1.33188E+18,tim8121,2020/11/26 8:43,村本大輔交際 事務所否定せず#Yahooニュース https://t.co/zP1hxH1xlE,,,0,0,136,97
1.33188E+18,respectjaco,2020/11/26 8:39,ウーマン村本、松田優作長女・ゆう姫と熱愛　双方の所属事務所は否定せずhttps://t.co/2HbMV2r33w。『本紙の取材に知人は「2人ははっきり自己主張するところが共通点。そこで意気投合したようだ」と語る』はっきりしない旧タイプの日本人よりはマシと思うが、思想は随分誤った方に偏向的だと思うぞ。w,,,0,0,3278,2991
1.33188E+18,syuwitch1191,2020/11/26 8:39,村本大輔交際 事務所否定せず https://t.co/F5DjUN0iGe https://t.co/G6e9mdmuJs,,,0,0,245,265
1.33188E+18,two29_510,2020/11/26 8:35,蓼食う虫も好き好き...てか村本大輔交際 事務所否定せず 2020年11月26日 https://t.co/uR34c57sKQ,,,0,0,3223,3224
1.33188E+18,TheSokuhou,2020/11/26 8:32,村本大輔交際 事務所否定せず https://t.co/lmXc6UNKYs,,,0,0,3031,3021
1.33188E+18,pa_pa_ra,2020/11/26 8:31,NEWS 『村本大輔交際 事務所否定せず』 https://t.co/EK0xTLKzu2,,,7,0,11,85
1.33188E+18,angelfish7_,2020/11/26 8:30,NiziUのアヤカちゃん、歌が下手って件については音楽学校に行っていた私からみても下手かな〜って感じは否定できないけど、それならビジュアル担当として歌唱パートを減らしてダンスのほうに力を入れるとか、魅力を最大限に発揮するやり方があるはずよ事務所〜〜〜,,,1,0,801,682
1.33188E+18,sukomarumaru,2020/11/26 8:28,たかまつななか望月衣塑子か小泉今日子か東ちづるかと思ったら違った。いやほら室井裕月米山隆一という偉大なカップルがいますから。村本大輔交際 事務所否定せず#Yahooニュースhttps://t.co/WQKUKPjLf7,,,0,0,286,855
1.33188E+18,H_I_M_U_R_O,2020/11/26 8:27,この男を選んだ相手に納得🤣 #ウーマン村本 、#松田優作長女・ゆう姫と熱愛 　双方の所属事務所は否定せず(スポニチアネックス)#Yahooニュースhttps://t.co/c4V2VK0wKk,,,0,0,889,888
1.33188E+18,Tenpura_Neat117,2020/11/26 8:27,村本大輔交際 事務所否定せず https://t.co/LpPxS122vM,,,0,0,866,432
1.33188E+18,stnlink,2020/11/26 8:27,村本大輔交際 事務所否定せず (YAHOO!ニュースより) https://t.co/aEhvSBqDCC  #ニュース,,,4,0,4232,4388
1.33188E+18,kazamidori_news,2020/11/26 8:26,村本大輔交際 事務所否定せずhttps://t.co/POxnCxnncY  #いいねした人全員フォロー,,,0,0,15752,15730
1.33188E+18,aizakiwakana,2020/11/26 8:21,村本大輔交際 事務所否定せず   https://t.co/Ifkbm7oWjV,,,0,0,4152,5001
1.33188E+18,sanusanu2000,2020/11/26 8:20,村本大輔交際 事務所否定せず   https://t.co/VmgxtLS5B3,,,0,0,23,62
1.33188E+18,morinohifumi123,2020/11/26 8:19,村本大輔交際 事務所否定せずhttps://t.co/GfZ2MvcE6D(RSS AutoPost),,,0,0,4781,4772
1.33187E+18,9mX5wpKpz4k7ejk,2020/11/26 8:13,村本大輔交際 事務所否定せず 2020年11月26日 https://t.co/s8TV6fjxAq Yahooニュースにこんなの要るか？,,,0,0,9342,9247
1.33187E+18,akaomihiro,2020/11/26 8:12,村本大輔交際 事務所否定せず   https://t.co/Gtfaa1cL4h,,,0,0,2321,1836
1.33187E+18,entameflash,2020/11/26 8:05,村本大輔交際 事務所否定せず... https://t.co/eMBegVDen0,,,0,0,14404,14777
1.33187E+18,saitamatu,2020/11/26 8:05,村本大輔交際 事務所否定せず https://t.co/wNtcVnsyHy,,,81,27,911889,12
1.33187E+18,YahooNewsTopics,2020/11/26 8:03,【村本大輔交際 事務所否定せず】https://t.co/DEevrhTPpkウーマンラッシュアワーの村本大輔と故松田優作さんの長女でアーティストの松田ゆう姫の熱愛を女性セブンが報道。双方の所属事務所は「プライベートは本人に任せております」と交際を否定しなかった。2人の関係は急速に深まっているという。,,,4,3,3095,5003
1.33186E+18,GHynvs0ynDhOSMF,2020/11/26 7:27,@bSM2TC2coIKWrlM @jpinetree 私も桜問題では安倍、菅義偉事務所に1年間電話を入れ続けてきたが電話口のスタッフは「領収書を出せ」との私の問いに色を為して不正を否定し続けた！あれは何だったんだろう！有権者に嘘を言い続けた安倍晋三を絶対に許さない！,,,0,0,16,3
1.33186E+18,qbkh12895,2020/11/26 7:16,１１２６－１６ニュース　ウーマン村本、松田優作長女・ゆう姫と熱愛　双方の所属事務所は否定せず  スポニチアネックス　男性（40)マイペースのマスコミ好き　女性（32)政治家のスポーツ好き,,,15,7,3095,5003
1.33185E+18,GHynvs0ynDhOSMF,2020/11/26 6:41,#安倍前首相の証人喚問を求めます桜を見る会問題で安倍晋三はじめ事務所スタッフ一同が1年間国民に嘘をつき通して来た！私も何度となく安倍事務所に領収書を出せと迫ったがその度に事務所スタッフは色めきたてて不正を否定していた！ずっと騙していたのだ！安倍事務所にガンガン抗議の声を届けよう,,,0,0,353,892
1.33184E+18,Mr_Chono_nWo,2020/11/26 6:03,@jk_nechan 初めから突然VTuberって中々いないと思う　事務所入ってる連中も元々それなりの数字持ってる奴とかだし　生主が事務所無しの個人でやってる人もいるけど　なので大体本人が否定してもバレバレ🤔,,,fav,RT,follower,follows
id,user,created_at,text,,,20,0,497,466
1.33183E+18,Mika_nicoru,2020/11/26 5:16,@CtNLuitUqPooHOl 素敵な作品を一緒に作り上げた共演者で他事務所の女優さんなら尚更否定しないと迷惑になるしね。,,,1,0,2503,1257
1.33181E+18,tetsumah,2020/11/26 4:16,"""最多のパターンは、会場のホテルとの契約を巡り、安倍事務所の関与を否定した答弁だ。安倍氏は前夜祭の参加者とホテルがそれぞれ契約していたと主張。""安倍氏の「事実と異なる国会答弁」33回、分析すると…三つのパターン - 毎日新聞 https://t.co/xp75mGaIdW",,,0,0,7188,7374
1.33181E+18,jimmyhoshi,2020/11/26 4:07,ウーマン村本、松田優作長女・ゆう姫と熱愛　双方の所属事務所は否定せず（スポニチアネックス）#Yahooニュース https://t.co/lFwl64tSsz,,,0,0,818,850
1.33179E+18,gdpen1,2020/11/26 2:44,ウーマン村本、松田優作長女・ゆう姫と熱愛　双方の所属事務所は否定せず（スポニチアネックス） https://t.co/tgEHG7wiDt,,,0,0,24676,10631
1.33179E+18,Infoseeknews,2020/11/26 2:37,双方所属事務所“熱愛”否定せず https://t.co/X7LUmnqMkf,,,0,0,201,880
1.33176E+18,Hanged_Monster,2020/11/26 0:41,志井のツイートに草生やすbot、誰か開発して。「８００万円を事務所側が負担したことは事実か」と問われ、否定もできず、何も説明しようとしないwww　これは国会に招致するしかありませんwwwww https://t.co/B83WV6kDLR,,,3,2,5659,158
1.33176E+18,xxcalmo,2020/11/26 0:29,「最多のパターンは、会場のホテルとの契約を巡り、安倍事務所の関与を否定した答弁だ」。安倍晋三、国会を完全に愚弄している。同時期にコロナ禍が世界的広がりを見せるなか、自民はこれを拱手して看過し、あろうことか安倍のスキャンダルを吹き飛ばす「神風邪」だ、などとホザいていたわけである。 https://t.co/l0BpkCz3QZ,,,fav,RT,follower,follows
id,user,created_at,text,,,1,1,3265,2231
1.33173E+18,nishiy2006,2020/11/25 22:54,虚偽答弁？「後援会として支出ない」30回超…安倍氏、野党に説教の過去も - 毎日新聞 https://t.co/Dt3gHGuI7a 安倍事務所の秘書は「私が勝手に判断してやったことだ」と述べ、事実を安倍氏に伝えず、また安倍氏本人の関与を否定している。これをおかしいと思わなかったのか。黙認してたな。,,,0,0,2246,813
1.33173E+18,gyokaigamieru,2020/11/25 22:38,安倍氏は（略）会費についても会場入り口で安倍事務所職員が集金しホテル側に届け、参加者にはホテル名義の領収書をその場で渡したと説明している。ホテルからの明細書発行を否定していた↓https://t.co/ea7ZLkzoZ3,,,13,8,29,58
1.33172E+18,aya_karinn,2020/11/25 22:08,@tos冒険家と祭司に関する一連のツイートに感して補足・自身のツイートの表現に不備があり「公式の発表した事実」のような書き方になっていますが、情報源はeスポーツ事務所の企画チャネルです。紛らわしい書き方で大変申し訳ありません・個人的には否定も肯定もできないと考えます https://t.co/B32DIaQJT7,,,2,0,62,22
1.33168E+18,klz8As70S6i3LxZ,2020/11/25 19:28,@TK_Mitsuhashi @keipierremulot 大半の二重行政は維新が解消したが大学、港湾、迎賓機関、研究所海外事務所などの統合に府議会賛成市議会は反対と同じ自民でも考えが違い都構想反対派は市が広域行政から手を引く事を明確に否定している。つまり反対派が市長になれば再び成長戦略も観光もあらゆる二重行政は復活するからな,,,0,0,83,522
1.33163E+18,yamaokakuroe,2020/11/25 16:21,菅田将暉が大好きすぎるのですがやっぱりどう考えても、鼻が整形。タレントが事務所にとっての商品だとしたら、整形事実を否定する事は「誇大広告」とか景表法などに違反にはならないのかね。タレントビジネスはエンターテイメントとしてのファンタジーだからいいのかね。,,,260,98,77753,854
1.33161E+18,fuku_tetsu,2020/11/25 14:52,後半の映像は、今年の3月の予算委員会での安倍前総理との質疑です。虚偽記載と事務所の補填について明確に否定していますが、これが虚偽答弁、大嘘だったことは明らかです。かなり動揺している様子が窺えます。秘書やホテルに責任をなすりつけるのはやめてほしい。 https://t.co/PUaSMZ3nxc,,,0,0,50,4
1.3316E+18,QY016Fl2ZoHDRgU,2020/11/25 14:24,@_1997_taro_715 事務所が動かない限り彼自身の力じゃネット力は捻じ伏せれないので彼を支えて守れて拡散できるのはファンしかいないんですよね。彼のファンなら分かると思いますけど彼がああやって否定するのって相当だと思うんです。,,,309,152,51080,2932
1.3316E+18,konishihiroyuki,2020/11/25 14:16,菅総理は、桜を見る会の前夜祭について、安倍総理と同じ答弁を行っていた。これが虚偽答弁でなかったかを質問通告されているのに、「安倍総理にも安倍事務所にも確認していない」、「報道でしか知らない」などと繰り返した。自分の答弁責任を放棄し、国会を否定するとんでもない暴挙だ。 https://t.co/4MgmJNNsq5,,,0,0,428,771
1.33159E+18,k0512_t,2020/11/25 13:43,流石に不味いよね。。首相は知らなくて、事務所として負担してたってことになると、自ら否定してきた「忖度」の存在を暗に認めてることになっちゃうし。 https://t.co/b0lYD9hfZw,,,0,0,0,0
1.33158E+18,yshi1118,2020/11/25 12:39,@oppaikeda 本人と事務所が雑誌のインタビューにて事実無根と完全否定。,,,0,0,254,258
1.33157E+18,mzk0507yeonbin,2020/11/25 12:17,@beom_felix 韓国の事務所に所属してるってだけであって、全員日本人なんでねwwなんかみんなにじゅう、を否定してるわけじゃなくてKPOPっていってランキングに入ってくるのはえ？ってなる笑,,,0,0,2923,3312
1.33157E+18,juns43,2020/11/25 11:57,自動車CM起用見送り？伊藤健太郎の事件で山本舞香がとばっちりか。伊藤健太郎の自動車事故の影響について、週刊女性PRIMEが伝えた。交際が報じられていた山本舞香は、HONDAのCM出演が見送りになったとの声も。山本の所属事務所は「そのような事実はありません」と否定(メ｀ロ´)o,,,0,0,52,134
1.33157E+18,yumori1229,2020/11/25 11:53,『安倍事務所の秘書は「私が勝手に判断してやったことだ」と述べ、事実を安倍氏に伝えず、また安倍氏本人の関与を否定している。』自分の上司が不利になるような事を勝手にする秘書なんて存在するの？https://t.co/2fMKMKEZj4,,,0,0,626,343
1.33156E+18,TrendnewNow,2020/11/25 11:30,自動車CM起用見送り？伊藤健太郎の事件で山本舞香がとばっちりか。伊藤健太郎の自動車事故の影響について、週刊女性PRIMEが伝えた。交際が報じられていた山本舞香は、HONDAのCM出演が見送りになったとの声も。山本の所属事務所は「そのような事実はありません」と否定(メ｀ロ´)o,,,0,0,247,656
1.33156E+18,tomentosa_09,2020/11/25 11:27,好き嫌いは大切だけど、その観点だけで物事を安直に肯定したり否定するのはいただけないわちなみに私もごきぶりくんは嫌いよ。てめーこの間はよくも事務所に1人でｳｯｷｳｷにカレー温めたタイミングで現れやがったな,,,0,0,101,68
1.33156E+18,masaking3109,2020/11/25 11:15,自動車CM起用見送り？伊藤健太郎の事件で山本舞香がとばっちりか。伊藤健太郎の自動車事故の影響について、週刊女性PRIMEが伝えた。交際が報じられていた山本舞香は、HONDAのCM出演が見送りになったとの声も。山本の所属事務所は「そのような事実はありません」と否定(メ｀ロ´)o,,,0,0,191,276
1.33156E+18,aki_taked,2020/11/25 11:07,@CinnamonxJp 安倍さんの事務所が認めてるのに？安倍さんも否定できてないのに？じゃあ仮にどうなったら 出た といえるようになるの？,,,0,0,93,199
1.33155E+18,tant01,2020/11/25 11:00,自動車CM起用見送り？伊藤健太郎の事件で山本舞香がとばっちりか。伊藤健太郎の自動車事故の影響について、週刊女性PRIMEが伝えた。交際が報じられていた山本舞香は、HONDAのCM出演が見送りになったとの声も。山本の所属事務所は「そのような事実はありません」と否定(メ｀ロ´)o,,,0,0,583,155
1.33155E+18,tatuki_h,2020/11/25 10:58,「事務所職員が会場の受付で集金し、ホテル名義の領収書を手渡しし、集めた現金はそのままホテル側に渡した――。安倍氏はそうした手法を説明し、国会でも「収支報告書への記載は必要ない」と違法性を否定」→安倍氏の説明矛盾あらわ　領収書捜査で「桜」問題再浮上（朝日）https://t.co/lbl4NsWQIW,,,0,0,1719,1889
1.33155E+18,twtorendo,2020/11/25 10:44,自動車CM起用見送り？伊藤健太郎の事件で山本舞香がとばっちりか。伊藤健太郎の自動車事故の影響について、週刊女性PRIMEが伝えた。交際が報じられていた山本舞香は、HONDAのCM出演が見送りになったとの声も。山本の所属事務所は「そのような事実はありません」と否定(メ｀ロ´)o,,,2,0,248,70
1.33155E+18,tanuki68981016,2020/11/25 10:41,@RH8400 @epok900 @burukoburuko @tweetnn1 @PHaruma @1H7cdc53ctIR2dX @TOMO69068781 @2017jp_k 片っ端からしょっぴきたい🙌捜査してるの？っ本気に疑問ドラマ等世界なら正義ある警察像があるけど、現実はそうじゃない事、本当は前から気づいてたけど、スルーしてた😓一個人の独立後話だけでこんなにひた隠す事務所は異常Fさんスクープ時事務所全否定否定は出来るのに否定しないのが証拠,,,0,0,1965,2048
1.33155E+18,pot993,2020/11/25 10:30,自動車CM起用見送り？伊藤健太郎の事件で山本舞香がとばっちりか。伊藤健太郎の自動車事故の影響について、週刊女性PRIMEが伝えた。交際が報じられていた山本舞香は、HONDAのCM出演が見送りになったとの声も。山本の所属事務所は「そのような事実はありません」と否定(メ｀ロ´)o,,,0,0,1504,1543
1.33153E+18,urakeiba2011,2020/11/25 9:35,自動車CM起用見送り？伊藤健太郎の事件で山本舞香がとばっちりか。伊藤健太郎の自動車事故の影響について、週刊女性PRIMEが伝えた。交際が報じられていた山本舞香は、HONDAのCM出演が見送りになったとの声も。山本の所属事務所は「そのような事実はありません」と否定(メ｀ロ´)o,,,0,0,2065,3098
1.33151E+18,BigCatMan5,2020/11/25 8:20,小林麻耶いじめ「一切ございません」ＴＢＳ社長否定（日刊スポーツ）➡︎個人的な心象だけど、小林さんサイドにも、制作サイドにも、事務所側にも、局自体にも問題があったのでは？知らんけど。 https://t.co/OXNaf4qkll,,,1,0,43,326
1.33151E+18,wjsn_1secret,2020/11/25 8:12,賛否両論というか否定的な意見の方が多い気がするけど、あの新曲の形は事務所として最善を尽くした形だと思うけどね。もちろん尽くしただけであって、誰もが納得出来る形ではないんだけど。自分もちゃんと参加した楽曲でデビューしたい気持ちと待たせたくないって気持ちもあるだろうにミイヒが一番辛い,,,0,0,13,160
1.33149E+18,aboabo0206,2020/11/25 6:52,@piyopiyo_aster 貴女が事務所の名前を背負うには、貴方の持つものが他の方へのトラブルの要素となりうることは貴方自身も否定できませんよね。貴女が貴女らしく活動したいのであれば、個人で見返しましょう。成功したその時に、差別のない世界で素晴らしいゲームプレイを配信して欲しいです。,,,1,1,100,102
1.33149E+18,NgtDema,2020/11/25 6:30,【デマ１４】ファンと荻野の関係？荻野の所属事務所は荻野とファンとの個人交流を明確に否定している。ネットの迷探偵達が提示する証拠も嘘ばかり。https://t.co/kEc9dzwp0R,,,0,0,238,100
1.33148E+18,pazudora_ya,2020/11/25 5:55,小林麻耶の“司会降板”報道をTOKYO MXが否定「事実ではない」https://t.co/vCeDSAcKrO「一部報道で『番組降板』と伝えられているが事実ではない」「制作上の都合による出演見合わせ」今後の出演予定や番組内容については「検討中」前所属事務所も含めた契約の問題があるので、出演見合わせかな。,,,1,0,0,5
1.33147E+18,L71Cu,2020/11/25 5:46,頭を下げて欲しい。そしてしっかり謝罪をした上でアイドル活動をして欲しいな。紅白も騒がれたままじゃ出る意味あるのかな、さっくんが大好きだから事務所もちゃんと対応してあげて欲しいな。動画を見てて、さっくんは素敵な人だと私は思っているからこの件で人柄を否定されるようなことは,,,6,0,1951,1736
1.33147E+18,issunsakihahika,2020/11/25 5:41,安倍氏は国会などで、夕食会の費用について「ホテル側が設定した額を参加者が支払った」と安倍氏側の負担を否定。「事務所や後援会の収入、支出は一切ない」と述べ、収支報告書の記載も不要とした。安倍氏側、「桜を見る会」夕食会に5年で916万円負担#安倍晋三は有罪 https://t.co/VQjHrWZLNK,,,0,0,51,59
1.33147E+18,NENU_11k,2020/11/25 5:34,ヴァ、事務所に入って丸くなったり、お師さんの感情とか命を燃やして制作するスタイルが変わっちゃったり否定されたりしたらどうしようって思ってたけど杞憂でしたね,,,0,0,12,0
1.33147E+18,AFanWithNoName,2020/11/25 5:32,#堀北真希 は賢い。「円満退社」の建前上、事務所に反して自ら「引退」を否定することは得策ではない。だが逆に「引退」「辞める」と明言しないことで、事務所が主張する「引退」に疑問符がつく。実際、今回の件を「実質的には育児休業であり、いずれ活動を再開する」とみる芸能記者は少なくない。,,,1,0,173,719
1.33147E+18,k__m__k__m,2020/11/25 5:12,文春報道によれば #11月15日 は…😳・オータニの広報部長ら二人を議員会館の安倍事務所に呼び出して話し合いの場を持った・首相が桜を見る会についてぶら下がり会見をした・産経ニュースが「銀座久兵衛」の否定コメントを出した#桜を見る会 #桜を見る会を見る会 #ヒルカラナンデス https://t.co/wH6Wolbe6G,,,0,0,0,59
1.33146E+18,anaka_t96,2020/11/25 4:56,桜見る会 首相は責任を否定#Yahooニュース安倍前総理は完全にクロですね。どうせ事務所の責任にするんだと思います。 https://t.co/PwmCLOCem4,,,0,0,25,8
1.33146E+18,amxryyy,2020/11/25 4:33,そもそも事務所もレーベルも昔から黒い話はあるんだからそこ自体を否定して擁護してもあんまり意味ないんだよな〜SM担…実際に不自然な点があってかつ権力者達から寵愛を受けてると表に出てる以上疑われるのは当然というか…😅,,,0,0,0,33
1.33145E+18,Java_with,2020/11/25 3:50,上白石萌音がキッパリ否定しなかったのも結局アミューズが発表したBlu-rayの売り上げ見れば分かる結局のとこビジネスの為に付き合わされた最近の佐藤健のアイドル売りもYou Tubeも事務所の為にコロナで減った売り上げに使わされてる＃恋つづ,,,41,0,2635,880
1.33144E+18,teruozeimu,2020/11/25 3:49,「freeeから紹介された事務所なのにfreee使いにくいから（税理士が）と否定されてしまって困惑している」という話がありました。結構同じパターンあるんだろうな…。まぁ、そりゃfreeeさんにも苦情が行くわなと。認定アドバイザー制度の仕組み変えるのも正直うなずける話でした。,,,0,0,47,195
1.33144E+18,haru00440606,2020/11/25 3:44,niziuがアンチコメント見て傷つかない事だけを毎回祈ってる。ファンだって色々思う事はあって否定的な意見もあるけどさそれより応援もしてねぇ野次馬の馬鹿みたいな声を拾われたらと思うと心配なんだよね。文句を言うのは彼女達に対してでは無く事務所はまわりの大人達なんだよ,,,0,0,92,118
1.33143E+18,Team_Y_Blog,2020/11/25 3:06,「桜を見る会」懇親会安部事務所の費用の一部負担の関与が明らかになってきた国会での説明と異なる公職選挙法違反をめぐり公設秘書の独断か安部氏の容認かの判断になる最後は容認を否定し秘書の独断で幕引き?森友、加計問題とおなじでまた弱い立場の人が犠牲になるのか,,,0,0,110,64
1.33143E+18,jh4wby,2020/11/25 3:03,赤塚健裁判長名判決　中立的行為の共犯否定　軽油引取税　熊本地裁平成６年 - 岡本法律事務所のブログ https://t.co/u4wsB0kvvj,,,0,0,6,33
1.33142E+18,ageha_tobu,2020/11/25 1:55,安倍氏は国会などで、夕食会の費用について「ホテル側が設定した額を参加者が支払った」と安倍氏側の負担を否定。「事務所や後援会の収入、支出は一切ない」と述べ、収支報告書の記載も不要とした。明細書についてはホテルから発行がなかったと説明した。,,,7,2,2498,570
1.3314E+18,tommy_yht,2020/11/25 1:02,「安倍氏はこれまでに「事務所も後援会にも一切の入金や出金はない」と述べ、料金の補填を否定していた。ただ、安倍氏に対し秘書が虚偽の報告をし、補填を認めていることも判明した」なるほどね、安倍さんの知らぬ間に行われていたという事かhttps://t.co/Ja6STn7Kyb,,,2,0,3685,1082
1.3314E+18,asahi_Sugihara,2020/11/25 0:51,”安倍氏は国会などで、夕食会の費用について「ホテル側が設定した額を参加者が支払った」と安倍氏側の負担を否定。「事務所や後援会の収入、支出は一切ない」と述べ、収支報告書の記載も不要とした。明細書についてはホテルから発行がなかったと説明した“ https://t.co/ALjPmFQUMI,,,1,1,1749,2400
1.3314E+18,0MarcoRossi,2020/11/25 0:50,@Sankei_news ＞安倍氏はこれまでに「事務所も後援会にも一切の入金や出金はない」と述べ、料金の補填（公職選挙法違反）を否定していた。ただ、安倍氏に対し秘書が虚偽の報告をし、補填を認めていることも判明した＞前述のＯＢは「補填を知りながら記載していなかった担当者がいれば、罪（政治資金規正法違反）に https://t.co/xKWFNgtZ0u,,,0,0,1033,1230
1.3314E+18,kame_kichi77,2020/11/25 0:48,“　安倍氏はこれまでに「事務所も後援会にも一切の入金や出金はない」と述べ、料金の補填を否定していた。ただ、安倍氏に対し秘書が虚偽の報告をし、補填を認めていることも判明した。”,,,5,1,1526,580
1.3314E+18,tech_tech_o0,2020/11/25 0:41,@Kenty_muscle 俺もどっちも大好きなんですけど、ぶっちゃけ倉木さん側の事務所が二匹目のドジョウを狙ってたのは否定できないので、こういう世論だったのはまぁ納得なんですよね😓帰国子女でもないのにわざわざアメリカで先行デビューしたり、そもそもクッキー、マイキーだなんてだれも呼んでませんでしたしw https://t.co/3ouWV2V3O4,,,0,2,183,213
1.3314E+18,nananekohome,2020/11/25 0:32,安倍氏側、「桜を見る会」夕食会に5年で916万円負担 https://t.co/JepXrymy1m「安倍氏は国会などで～「ホテル側が設定した額を参加者が支払った」と安倍氏側の負担を否定。「事務所や後援会の収入支出は一切ない」と述べ収支報告書の記載も不要と～明細書についてはホテルから発行がなかったと説明」,,,0,0,502,75
1.33139E+18,fukutakecpa,2020/11/25 0:05,安倍氏は国会などで、夕食会の費用について「ホテル側が設定した額を参加者が支払った」と安倍氏側の負担を否定。「事務所や後援会の収入、支出は一切ない」と述べ、収支報告書の記載も不要とした。→ 都内有名ホテルで1人5千円の会費で飲み食い出来る訳ない。徹底調査を。 https://t.co/BVVQIXBflV,,,fav,RT,follower,follows
id,user,created_at,text,,,0,0,376,525
1.33139E+18,vfkdazn14,2020/11/24 23:51,"YUI - TOKYO , CHE.R.RY /  THE FIRST TAKE FES vol.2 supported by BRAVIA https://t.co/QbChXrnzuS事務所の売り出し方が気に入らなくて過去を否定して自ら歩み出してたけどもこの曲、すげー好きだから今でも歌ってくれることが素直に嬉しい。",,,2,1,11175,2934
1.33138E+18,tomioka_shiho,2020/11/24 23:20,&lt;&lt;安倍氏は国会などで、夕食会の費用について（中略）安倍氏側の負担を否定。「事務所や後援会の収入、支出は一切ない」と述べ、収支報告書の記載も不要とした。明細書についてはホテルから発行がなかったと説明した&gt;&gt;&gt;安倍氏側、「桜を見る会」夕食会に5年で916万円負担 https://t.co/QNKsK2EY6x,,,3,0,3209,2308
1.33137E+18,rinkoro0503,2020/11/24 22:48,"""安倍事務所から誘われて前夜祭に参加した元市議は「料理はどこの立食でも出るような内容であり、5000円の会費で妥当と思っていた」としたうえで、「安倍さんはあれだけ国会で否定しているので、『知らなかった』で逃げるしかないでしょう」と話した""",,,83,40,37707,10915
1.33137E+18,tokyonewsroom,2020/11/24 22:45,【編集日誌1】「事務所側が補塡をしたという事実も全くない」。「桜を見る会」前夜の夕食会で費用を負担したのではと追及された安倍前首相は、こう否定しました。ところがホテルの領収書には計800万円の支払いが記録され、周辺も補塡を認めたそうです。事実なら、うそをついていたことになります。 https://t.co/Grllp4EBRc,,,3,0,69,130
1.33137E+18,ZrfbX7OahdWzXN6,2020/11/24 22:34,調停で自弁をお願いする人が多いみたいだな。僕も無料相談で弁護士事務所に5件くらい相談に行った結果。弁護士は、裏で繋がってるんだと感じた。　連れ去り反対する弁護士なんか今は、少ない否定したら、事務所が離婚ビジネスが出来なくなる。,,,0,0,113,0
1.33136E+18,verne18280208,2020/11/24 22:23,安倍晋三前首相の後援会が｢桜を見る会｣前日に主催した夕食会で､会場の東京都内のホテル側への支払総額の一部を安倍氏側が補填したものの､政治資金収支報告書に記載していなかったことが分かった｡安倍氏は国会答弁で補填を否定したが､事務所の秘書が安倍氏に虚偽の報告をしたという｡,,,14,1,0,0
1.33136E+18,bsggsss,2020/11/24 22:13,niziuの作られた流行感はなんとかしたほうがいいと思うけどなあ　ファンから見てもゴリ押しは否定できないから一般の飽きたという感情は全く不思議じゃないし事務所はもっと考えたほうがいい一発屋のように消費し切るような売り出し方をされていて応援する側としてはモヤりますね,,,0,0,186,32
1.33134E+18,jomonsugi10000,2020/11/24 20:43,じー‥「安倍氏は国会などで、夕食会の費用について「ホテル側が設定した額を参加者が支払った」と安倍氏側の負担を否定。「事務所や後援会の収入、支出は一切ない」と述べ、収支報告書の記載も不要とした。明細書についてはホテルから発行がなかったと説明した。」‥ https://t.co/wsJroLFI2o,,,7,0,120,6
1.3313E+18,RnG9d2GpzcM7nb2,2020/11/24 17:59,"事務所だけでなくファンがそうさせてる節もあるし、アイドルって改めて""そういうものだよね""ってことを突きつけられるって意味。否定はしない。身体やパフォーマンスは愚か、一挙手一投足が全てファンに消費され続ける世界で、どう生きるかってことだし、本人がそれを望まないなら辞めるしかないよね。",,,0,0,1,26
1.33129E+18,e5tqcNK7Wr4JxbJ,2020/11/24 17:33,@bighit_pen 本人たちの力量が関係してることは否定してません、その本人たちの力量を考慮してスケジュールを組むのが事務所の仕事ですそれが出来てないから事務所が悪いと言ってますアイドルなんだからとにかく依頼を受けろ！なんて言っててはアイドルも衰退しますよ、そんな仕事やりたい人いなくなります,,,15,15,3952,332
1.33125E+18,soonsoul,2020/11/24 14:41,失礼なやっちゃなw”安倍事務所から誘われて前夜祭に参加した元市議は「料理はどこの立食でも出るような内容であり、5000円の会費で妥当と思っていた」としたうえで、「安倍さんはあれだけ国会で否定しているので、『知らなかった』で逃げるしかないでしょう」と話した。”,,,0,0,43,129
1.33123E+18,itouyoshiba,2020/11/24 13:49,https://t.co/i60sd6ObgC補填のお金はどこから出たのか。後援会の収支報告にもなく、事務所の収支報告にもないお金。終始否定してきた安倍氏のポケットマネーでもないはず。後は、二重帳簿？,,,0,0,142,20
1.33123E+18,yuuta24mikiko,2020/11/24 13:47,安倍「桜を見る会」の 前夜祭 をめぐる費用補填の疑いについて記者の質問に応じ、「捜査に全面的に協力している」と。これは苦しい。安倍事務所が800万円の費用補填をしたとの報道について問われ、否定もできず関係のない答えで逃げる。#安倍議員の証人喚問を求めます,,,1,0,29,58
1.33123E+18,aya_karinn,2020/11/24 13:45,@ToBiRa_pi Twitterも口調やら一人称やらがぶれていることもあるので、ましてやeスポーツ公式事務所のDiscordの信憑性はどういう位置付けなんだろう…という感じです。せめて否定なり肯定なりできる判断材料が示されていると安心感があるのですが…今後の情報の展開を静観したいです。,,,0,0,680,1435
1.33123E+18,LoveLoveYUI,2020/11/24 13:32,ダレノガレ明美、給与明細公開でパパ活疑惑を否定　オリラジ藤森「ケタが……」「おえっ」と言葉にならず https://t.co/A8b9jky4JN @itm_nlabより 芸能事務所の明細に事業の収益が載ってるの？焼肉小倉優子みたいな感じ？（あれは事務所の名義貸し）,,,3,1,797,199
1.33122E+18,Elekt_ra,2020/11/24 12:52,安倍前首相側、「桜」前夜祭　差額補填認める　答弁矛盾、秘書が虚偽報告と説明 『安倍氏は国会答弁で補填を否定したが、事務所の秘書が安倍氏に虚偽の報告をしたという。』健気に決死擁衛する大手町産経ビルからは、いま血涙が流れ嗚咽が漏れ出ているのだろうか？https://t.co/2n5ZpQtdiW,,,0,0,57,46
1.33122E+18,vouaobrasil,2020/11/24 12:52,@bSM2TC2coIKWrlM 知らなかったとか、報告してなかったとか言って逃げるだろうが、国会答弁する前に聞きもしない報告もしない、なんて事があったらそれは安倍も事務所も国会を侮辱する事になるのでご自身自体の存在否定で、あり得ない。つまり知っていたのは間違いない。,,,1,0,37,50
1.33122E+18,1d098b14e7f840f,2020/11/24 12:50,@nikotamaseisaku 突然失礼します会◯さんや事務所の大御所の方のルーツがあちらだと言われていますよね海外で人気が出ることは良いことですが靖国参拝など日本を大切に思うことを否定されるのは悲しいですね😢,,,10,5,3377,4681
1.33122E+18,zzdOeN6aITnoxyP,2020/11/24 12:39,安倍氏は国会答弁で補填を否定したが、事務所の秘書が安倍氏に虚偽の報告をしたという。→誰が信じるか！秘書を生贄に差し出して自分は知らなかった？支持者はそれで済ますのか？糞以下の人間だな。https://t.co/3l245a4ELI,,,0,0,19,62
1.33121E+18,hayabusa0331,2020/11/24 12:35,事務所スタッフや秘書から事実が伝えられていないのであっても、事務所の責任者である政治家本人の責任。また、あれだけ国会で取り上げられたのに、事実が本人に伝わっていないなんてありえない話ですけれど。自民国対委員長「虚偽かどうか」　安倍氏の招致に否定的https://t.co/lk8oFh4cnd,,,1,0,1033,1230
1.33121E+18,kame_kichi77,2020/11/24 12:27,“安倍氏は国会答弁で補填を否定したが、事務所の秘書が安倍氏に虚偽の報告をしたという”“　安倍氏周辺によると、昨年末、安倍氏が国会答弁に備えるため、秘書に「５０００円以外に事務所が支出をしていないか」と尋ねた。秘書は「払っていない」と虚偽の報告をした。”,,,7,5,7772,10
1.33121E+18,xzjps,2020/11/24 12:23,御用新聞も、「秘書」がぁ～安倍氏は国会答弁で補填を否定したが、事務所の「秘書」が安倍氏に虚偽の報告をしたというhttps://t.co/Nfp3rgWCwL秘書が、全部悪いんです！ストーリーづくりに励む悪い秘書に、悪い晋三🤪,,,10,1,3617,122
1.33121E+18,maverick_922,2020/11/24 12:20,"くれる事務所なんだな""という認識でいるので…私も心苦しいです。下手したらそれってスンヨン君本人のセンスを否定する事になるのではと思ったり。でもスタイリスト交替や衣装どうにかしろと要求することは割とあるあるですね…",,,1573,535,40825,510
1.33121E+18,jcpyamashita,2020/11/24 12:12,これは苦しい。安倍事務所が800万円の費用補填をしたとの報道について問われ、否定もできず関係のない答えで逃げる。これはもう、逃げられない国会に来ていただくしかありません。 https://t.co/SmBcvde8SF,,,0,0,73,84
1.33121E+18,iwahata_m,2020/11/24 12:09,【ホテル代金補填認める】『安倍氏側が補填したものの、政治資金収支報告書に記載していなかったことが２４日、分かった。安倍氏周辺が明らかにした。安倍氏は国会答弁で補填を否定したが、事務所の秘書が安倍氏に虚偽の報告をしたという』秘書の一存で幕引きとはお目出度いhttps://t.co/tRjIIjHHIA,,,0,0,163,146
1.33121E+18,momotora1989,2020/11/24 12:00,うーん😓どんどん辞めてますね。だから、入れたくなかったんだよなぁ🥲まぁ、本人が決めたことを尊重する世の中なので否定すれば誹謗中傷。残念だけど、こちらが近づかなければいいだけ。素材が良くても料理人が悪ければ美味しくならない。配信も事務所次第なとこあるね。😢,,,1,0,463,566
1.3312E+18,Pubg52674658,2020/11/24 11:40,@TJK07370425 &gt;安倍氏は国会答弁で補填を否定したが、事務所の秘書が安倍氏に虚偽の報告をしたという。,,,0,0,80,158
1.33118E+18,_k_a_r624,2020/11/24 10:22,これから売れる俳優の交際って事務所が否定しがちだけど本人を尊重する意味で認めたのはこれからの芸能人の熱愛で多少なりとも変化あるのでは？？？？？,,,3,2,431,817
1.33117E+18,annwfn45941611,2020/11/24 9:39,シーズン2もオファーは来ましたけど事務所と相談して断ろうか、って。でもそしたら他の出演者の方々が声を上げてくれて…彼女は努力家だ、其れを否定するのかって。劇中では犬猿の仲設定のナガンさんやペーペーシャさん達がネットで色々と…最後はハーヴェルさん、カーターさん、ウィリアムさんが,,,6210,2458,161267,0
1.33116E+18,shiikazuo,2020/11/24 9:04,「８００万円を事務所側が負担したことは事実か」と問われ、否定もできず、何も説明しようとしない。これは国会に招致するしかありません。 https://t.co/z6FUwqkdLj,,,0,0,228,584
1.33116E+18,hiro37011448,2020/11/24 8:51,@non0029 うちにも居ましたわ。こういうバカが。うちの事務所のスタッフが全員キレて文句を言ったら仕事ぶっちし、こちら側が悪いと文句を言って配置換えを望んだので、このバカを肯定して、こっちを否定した近隣の事務所に押し付けました。,,,1,0,179,135
1.33114E+18,tego_chiko1054,2020/11/24 7:47,@kai526 いつぞやのキスマーク事件のときは本人が否定してファンも納得してた印象だったので…まぁでも相手がいる場合はどこまで話していいのかとかもあるでしょうし難しいんですかね🤔でもここまでスルーしてる事務所あんまり見ないので疑問です😅,,,0,0,12,0
1.33111E+18,AFanWithNoName,2020/11/24 5:32,#堀北真希 は引退してないでしょ。事務所側の対応を見れば、直筆コメントでも「引退」を明言するように求めたであろうことは容易に想像できる。にも関わらず「引退」「辞める」という言葉をあえて使わなかったのは、堀北側に「引退」を否定する意図があったってこと。つまり、実際は育児休業。,,,1,0,258,110
1.33111E+18,nimi36,2020/11/24 5:28,@chovitti そうですねただウソついてでもいくらでも理由づけして否定できるはずなのに、事務所はそれをしなかったのは事実あの時点で事務所は彼をつなぎとめる意思はなかったのではないかと思います相手方のストーリーも止めようともしなかったし,,,0,0,175,230
1.3311E+18,hansuiokiro,2020/11/24 4:52,安倍事務所の秘書が総理に間違った報告をしていたので、総理は国会で誤った答弁をしていた。すべて秘書のせい、という形で問題を収めようしているのか。国会はなめられたものだ。／自民国対委員長「虚偽かどうか」　安倍氏の招致に否定的：朝日新聞デジタル https://t.co/1nzmV5EwfV,,,1,0,90,91
1.3311E+18,rerere_sister,2020/11/24 4:41,@OyrRNij34eQb74g はじめまして！田❤️先生は二次創作には否定的なスタンスではないですが、昔銀❤️伝の同❤️誌が事務所に大量に送られてきて、それが過激な性描写（レ❤️プ表現）が多かったため「悲しいね」ということで、それ以来過激表現の二次はやめてねと「お願い」を公表されています。,,,0,0,55,0
1.33108E+18,teas_bot,2020/11/24 3:34,「ちょっと大げさじゃないか？私はむーおかの人格を疑ったことはあっても否定したことは無いぞ」（天川）【月並物語―む～おか探偵デザイン事務所―】,,,3,1,174,1254
1.33107E+18,antilock2020,2020/11/24 2:52,桜前夜祭「足踏み入れただけ」　安倍首相、契約主体を否定：時事ドットコム https://t.co/hRC519K8eF @jijicomより 今頃「事務所内でギリギリ連座制の対象にならないような生贄」の選定でもやってんのかね？#安倍晋三の逮捕を求めます #菅政権の退陣を求めます,,,1,1,328,301
1.33106E+18,henseifuride,2020/11/24 2:01,【安倍氏はこれまで国会答弁などで「事務所から費用の補填はない」と否定していた。】大噓つきめが https://t.co/l4WgzVp5ZX,,,0,0,6,36
1.33105E+18,akiko_0900,2020/11/24 1:56,若手俳優さんの熱愛報道とか、無駄に否定したりせず認める事務所ってのはなかなか健康的で良いなあと思いつつも、タイミング…タイミングよ…っていうね。もちろんお付き合いしている方がいるのは良いことだけど、知名度上昇してきてるからこそもっとバンっと売れてから出て欲しかった感はある。,,,0,1,422,3889
1.33105E+18,tabinidetaina,2020/11/24 1:25,＞恵比寿新聞個人的にはグラフティアートを否定しませんがこの事象に困っている人がいるから消します。この恵比寿新聞とやらは別に本件犯罪の被害者でもないだろうに何を格好つけているのかと。落書きに理解があるアピールをしたいなら自宅や事務所の壁に「落書き歓迎」と書いておいたらいいのでは？ https://t.co/wkSCNCglgE,,,2,0,235,248
1.33103E+18,igk0202,2020/11/24 0:28,@tDFOLxxV3vBBB5B 激しく同意します！私も他○否定派です✋間接的要因は事務所に多大にあるとも思っていますが自○でないと頑なに思ってる方はフォロー解除して下さって結構です💧,,,fav,RT,follower,follows
id,user,created_at,text,,,0,0,87,38
1.33102E+18,maru_snow_0122,2020/11/23 23:54,解雇になったひとが再始動としてYouTubeを始めること自体は全く否定しないけど、事務所の名前出したり、事務所時代の話をするのはなんだかなぁと思う。それで視聴者釣るのは違うじゃん、と。,,,0,0,341,155
1.33101E+18,Mr66017517,2020/11/23 22:51,@buu34 驚いたり抗議や否定するといった雰囲気が安倍事務所側に感じられない事にも違和感を感じます。,,,5,1,120992,230
1.33097E+18,jissen,2020/11/23 20:34,@isozimanparty 取りまとめは内閣府。国会における「虚偽答弁」は、故意によるもの以外に、錯誤や記憶違い等に基づく場合も否定できず、虚偽答弁であったとしても、法的責任を生ずる問題はない。パック旅行を企画実施したのは旅行会社であり、安倍晋三事務所ではない。疲れちゃうんで、勉強してからクソリプしてねよろ,,,0,0,4,2
1.33091E+18,Gauner__,2020/11/23 16:40,事務所が否定してるなら問題じゃないというなら彼も「これはお洒落でも暴力的な意味でもない。核問題や戦争について知ってもらうきっかけになればという意味があった」とか公式に発表すれば何も言われないのかな？いや多分これを否定してる人は彼らが何を言っても認めないし許さないでしょ？,,,11,12,2309,141
1.33091E+18,discusao,2020/11/23 16:05,桜を見る会　「安倍事務所に明細書ない」　懇親会費で首相 19/11/19https://t.co/ypes94HHft 安倍晋三首相(当時)は、事務所による領収書発行や会費の補填を重ねて否定し、事務所には会費などの総額を示す明細書はないと話した。,,,0,0,1,0
1.3309E+18,useriken___,2020/11/23 15:51,@junaonami この2種の対比否定と肯定肯定だけがファンじゃないし意見でもないわかる人は今回のもひどいなとか思うはずじゃなきゃ前の事務所で5年女優を無理にやらせて嫌われてクビにならない笑声優志望だから女優がもうずれてるし草なぎとかいう問題ではない　犯罪者キャストや宮城GOTOも論外だけど https://t.co/Szbrp4omTa,,,5,2,1236,441
1.3309E+18,Aiminmin,2020/11/23 15:28,#三浦春馬 さんと多数の有名人連続不審死には、大きな”権力”が絶対に絡んでいる。そうでなきゃ辻褄が合わない。事務所、仕事現場の関係者、警察、病院全部グル？事務所が【憶測】【デマ】といい、否定しているこれらのことが本当のことだとしたら #安倍晋三の逮捕を求めます https://t.co/HJOVTYsT3X,,,4,1,1193,3794
1.33089E+18,kazuiha,2020/11/23 15:23,事務所が勝手にやったのでしょうか。それはお気の毒に。しかし自ら国会で否定しましたよね。知らなかったとは言わせない。GO to jail ! https://t.co/0uBE83Nap5,,,0,0,24,24
1.33089E+18,r__qht25,2020/11/23 15:21,楓珠くんの記事読んでいつかはなりちゃんも熱愛報道で事務所が否定じゃなくていいお付き合いしてますって言われる日が来るのかと思ったら（白目）,,,0,0,588,778
1.33089E+18,senbei99225059,2020/11/23 14:51,----白にせよ黒にせよはっきりとさせるべきだ。仮に領収書に安倍事務所側が一部を補填したという記述があったのなら安倍前首相は国会で堂々と虚偽答弁を行っていたという事になる。本人が如何に否定しようとも、それを示...#Yahooニュースのコメント https://t.co/yNhTApAGFB,,,1,0,293,972
1.33088E+18,YA26669600,2020/11/23 14:15,@novechow (｀・ω・´)否定はしない！話したことあるか分からんけど、私、#臨時国会を開けってことで色んな自民党議員事務所に電話したことあるけど、武井事務所に口の聞きかたを注意されました(*´ー｀*)まぁ、そんなもんです。,,,2,1,290,162
1.33087E+18,5572milk_w,2020/11/23 13:39,「手越くんのこと見直した」とか「ちゃんと考えを持ってて意外と賢いんだね」とか最近言われて、本当の手越くんが見てもらえるようになって嬉しいと思う反面、今までたくさん捏造されて拡散されて誤解されてたのに、否定もせずにそのままにしてた事務所ってなんのためにあったんだろって思い始めてる🤔,,,2,0,51,0
1.33087E+18,yukayuka_159357,2020/11/23 13:25,@Gauner__ そちらは事務所が否定していますが、それでなぜ抗議を入れる必要があるのでしょうか？教えてください。,,,0,0,773,345
1.33085E+18,ccjrpic,2020/11/23 12:27,「前首相 (#安倍晋三)はこれまで「費用は参加者の自己負担であり、事務所の収入や支出は一切ない。会費はホテル側が設定した」などと疑惑を否定している。」嘘をつき続け責任は一切とらず、国民を見捨てて日本をめちゃくちゃにした張本人。#安倍晋三の逮捕を求めますhttps://t.co/JgI9WgJsbQ,,,0,0,35,64
1.33082E+18,ktys_girl0829,2020/11/23 10:27,神尾くんも熱愛か〜🤣事務所も否定とかもせずってなんかいいよね🥺こういうのってほんとうまく進んでほしいな〜🤭💕💕本人のやる気にも絶対繋がるからさ,,,0,0,17,46
1.33081E+18,neo__o0,2020/11/23 9:56,やっぱり事務所全体でコンセプトを共有するというSM culture universeのにはどうしても否定的な感情を抱いてしまうな…ネオカルの独特の世界観が好きなのに,,,40,7,334,261
1.33081E+18,saya31523007,2020/11/23 9:32,合流だの再結成だの夢見るのは勝手だと思うしそれを糧に生きていらっしゃるならそれも仕方ないけど、厭なのは自分たちの思いと憶測だけで物事を曲解して語る事そして最も厭なのは事務所や家族を絡めた悪口木村さんの人格すら否定している行為ですそれをやっている間は合流どころか共演すら望まない,,,2,0,0,0
1.33077E+18,ura_______chan,2020/11/23 7:09,"千田ヘイトえぐ...分かるよ分かる。千田くん自身を否定してる訳じゃないんよ、""18年組を差し置いて、入ったばっかでまだ色々追い付いてない千田くんをいきなりセンターにした事務所""に納得いかないって意味で、千田くんが悪いわけじゃないからね。こっからそれも全部含めて背負って頑張っていくんだよ",,,0,0,0,23
1.33077E+18,XWNZzYkSJ3TJNt3,2020/11/23 6:55,aespaがSM感ないって言ってる人、f(x)知らないでしょ。私はaespaいいなと思ったしカリナの噂は事務所が否定したんだからもう機にする必要はない！！,,,1,1,311,757
1.33075E+18,MSumeragi,2020/11/23 5:48,安倍前首相と後援会幹部は共謀し、１人当たりの飲食代が少なくとも１万１千円はするのに５千円ずつしか徴収せず、差額の６千円程度を提供した疑いがあるなどとしている。前首相はこれまで「事務所の収入や支出は一切ない」と疑惑を否定している。#安倍晋三の逮捕を求めますhttps://t.co/ybS0u9xFpP,,,1,1,265,422
1.33074E+18,sorapoe,2020/11/23 5:25,@nikkei …安倍氏は会費について、国会答弁や記者会見で、安倍氏の事務所職員が会場で集めて全額をホテル側に手渡したとして「（後援会には）収入も支出もなく、（収支報告書に）記載する義務はない」と説明、後援会による費用負担などを否定していた。,,,1,0,513,1600
1.33074E+18,04_cat_ex_05,2020/11/23 5:11,@coco10969oor 確か本人に任せてますが三浦翔平の方で、否定的な方が桐谷美玲の方やったと思います💦多分美玲ちゃんが夫の事を語る分には事務所的にはOK(今年も何かのバラエティで名前出てたの見た覚えあります)で逆がストップがかかってるんだろうなぁ…と笑めっちゃわかります！堂々と宣言したのが良かったです！,,,0,0,111,148
1.33074E+18,2424yu,2020/11/23 5:01,ひぐらし暇潰し編見る　東京は警視庁からはるばる調査に来た赤坂さんを案内する大石さんかーって思ったら、ちっちゃい梨花ちゃんかわいいにぱ〜！ありがたがられる梨花ちゃん　赤坂くんの、反対運動の事務所の前でぺらぺら政治運動を否定することを正直に話しちゃうとこ若いな,,,3,1,1551,998
1.33072E+18,fk_mb,2020/11/23 4:00,「桜を見る会」前夜祭の費用補填を否定していた安倍氏の主張が崩れました。安倍事務所が費用を負担したなら公選法違反が濃厚に。特捜部も動いています。一気に事態が動くか注目です。 / “安倍前首相側が一部費用負担”示す領収書などホテル側が作成 (NHKニュース) #NewsPicks https://t.co/TikJQLkFpO,,,5,3,4930,103
1.33072E+18,_murayama,2020/11/23 3:59,前夜祭の参加費を安倍事務所側が補填していたとすると、政治資金規正法違反ではなく、公職選挙法が禁止する寄附行為にあたるのでは。安倍氏はこれまで国会等で補填の事実や領収書の存在を否定し続けていたけれど、やっぱりあったじゃんか…という当たり前の感想しか出てこない。 https://t.co/EC6fgbkyM3,,,0,0,0,8
1.33071E+18,WB7tr,2020/11/23 3:27,私はジャニーズ高嶺の花主義(？)だから、問題があっても余程のことじゃなければいちいち謹慎だのなんだのしなくていいと思うし、否定も肯定もしなくていいと思う 一般人以上に人前に晒されるのだから、事務所に所属している限り守られる権利は多少あるんじゃないのかなと思う,,,1,1,377,802
1.3307E+18,whtevriwnt,2020/11/23 2:25,郷原信郎氏ニューオータニでの「桜を見る会」前夜祭について、安倍事務所側の飲食代補填の公選法違反（有権者への寄附）か、正規料金との差額のホテルからの寄附の政治資金収支報告書の不記載のいずれかの違法行為の成立が否定できないことは、かねてから指摘してきた。https://t.co/2Lm90izCHG,,,0,0,181,172
1.33069E+18,Jichael_MacSon,2020/11/23 2:09,「否定できない」＝「肯定もできない」推定無罪じゃね？----【郷原信郎さんのコメント】ニューオータニでの「桜を見る会」前夜祭について、安倍事務所側の飲食代補填の公選法違反（有権者への寄附）か、正規料金との差額のホテルからの寄附...https://t.co/XlXRhBJvt1,,,1,0,48,38
1.33069E+18,ScamColor_2,2020/11/23 1:57,こばしりさんが自粛中に石田純一と会食？週刊誌で噂が出回るも、本人も事務所も否定せず…。https://t.co/7pvVTddsWc#こばしり #はてなブログ #石田純一 #コロナウイルス,,,8,1,102,466
1.33067E+18,aquafreesia,2020/11/23 0:19,一連の創出版の春馬くん関係の記事、これまでの経緯を見ていると他殺説も否定せず事務所批判派に迎合して反響や部数を稼ごうという意図が見て取れると感じたけど、唯一救いなのは今回精神科医の対談が載っていること。これで読者の気持ちをどこまで引き戻せるかは注視したい。 https://t.co/1SSf7BeXEs,,,fav,RT,follower,follows
id,user,created_at,text,,,0,0,29,113
1.33054E+18,lfbbassk,2020/11/22 15:43,他シリーズが歌うことを否定はしないけど、事務所曲と言うにはすけあらいぶに焦点当たりすぎてて(それはそう)汎用性低くない？って感じです。,,,0,0,11,62
1.33054E+18,DanSyunvika,2020/11/22 15:39,@gyozaemom そもそもの記事が週女PRIME。证言人は”アニメ専門誌の编集者” “映画ライター”。しかも所屬事務所は否定。こんな内容の瘦っぺらい記事を鵜吞みにしちゃって、あなたは頭の中がお花畑ね！,,,0,0,12,0
1.33053E+18,AFanWithNoName,2020/11/22 14:57,#堀北真希 は引退じゃなくて実際は育児休業だよ。「円満退社」という建前上、事務所の主張する「引退」を真っ向否定するのは難しいけれど。今 否定をしてマスゴミに周辺をうろつかれるのも御免だしね。でも堀北サイドの誰も「引退」「辞める」とは言ってないし。育児が落ち着けば活動を再開するよ。,,,1,0,263,375
1.33051E+18,coco10969oor,2020/11/22 13:49,@04_cat_ex_05 どっちの方か忘れましたけど最初熱愛報道出た時、事務所が否定コメント出してましたもんね😣事務所的にはあんまり結婚した感じを出したくないんでしょうか。でもあの時自分の口から交際をはっきり宣言した翔平君がめちゃくちゃかっこよかったし、あれで潰されなくてよかったなってつくづく思います😊,,,0,0,49,352
1.3305E+18,ksgtm,2020/11/22 13:20,ディアドリがトレンド入りしているのにも驚いたが、過去に空が事務所曲としてだれでも歌えるようにしていると発言していたということにも驚いている。否定的な意見もあるけどユニット超えている曲はだれが歌ってもいいんじゃないって私は肯定的というよりもむしろWelcomeなんだけどね。,,,0,0,87,64
1.33049E+18,iio_iio,2020/11/22 12:30,全米のテレビ局に大異変！全局が全く同じ反トランプ原稿を読んでいるぞ！指示をしたのはなんとC〇A！公聴会から逃げ、米国とカナダで事務所を閉鎖す..なんと！米国の情報局が大統領選挙に不正を働いた？先のフリンを起訴したFBIと言い、米国は腐っていた。何故、民主党が良くて、共和党を否定する？,,,1,1,2358,0
1.33048E+18,knfm_bot,2020/11/22 12:08,【熱愛発覚！？】本誌記者の突撃インタビューに、「ないないない。中島とラブラブなんて、ありえない！！」と、断固否定する風磨。いっぽう、健人は遠い目でサラサラと語り始めた。「初対面は事務所のオーディション。あいつはバスケのユニフォームを着てて印象的だった」,,,1,0,1020,8
1.33047E+18,yaitan0312,2020/11/22 11:19,@zero_one_falcon 途中でした(^^;なので、私がSNSで嫌な思いをしてきたこともあったりで、事務所のスタッフのみんなも含めて、SNSに否定的なんですよ☆今は大丈夫ですが、Twitterで一時期ちょっと大変なこともあって、みんな心配していたりで(&gt;_&lt;),,,0,0,18,51
1.33046E+18,Teriteri_07,2020/11/22 10:53,自分もそうだけど、推してるグループに日本人メンバー（日本語が分かるメンバー）がいるなら否定的なツイートには気をつけなきゃだよ…コンセプトとかに関しても事務所の責任とはいえど傷つくじゃん…,,,46,6,833,1686
1.33046E+18,himawaritolave4,2020/11/22 10:52,遺書でないと7月20にはわかっていたなのになぜ9月4日まで発表しなかったのですか？★スポーツ報知ー7月21日朝6時＞自宅から「死にたい」などと書かれた“遺書”が見つかったと報じられたが、事務所側は手帳の存在を認めた上で、その内容については否定（20行目続https://t.co/mbaQvn584D,,,37,1,1409,45
1.33044E+18,MCx9Dls9cBwQyEv,2020/11/22 9:19,@OdangoHamtarou @bittigu 足利学校なんだか、あちこちからいろんな疑惑が次々に沸いてきて...事務所がちゃんとしないから、憶測とか否定とかファン同士が責めたりもめたりしてる...悲しいな😢,,,0,0,1650,1773
1.33041E+18,arakidonsan1,2020/11/22 7:34,2020年最新 綾野剛 佐久間由衣 綾野剛さんの事務所は今回の熱愛報道を否定していますが、フライデー画像からは「やっぱり付き合っているんじゃないの？」と思わせるような雰囲気が漂っています！ 綾野剛さんは「３０後半で結婚したい」と言っていて、&amp;hellip。 https://t.co/Cne6CeXRvB,,,0,0,1650,1773
1.33038E+18,teiwanaki5e_2,2020/11/22 5:12,誤解してほしくないので付け加えますが、あたしは事務所のやり方を肯定してる訳ではありません。ただ ”騒がなければ大した事ではなかったのに” と思う報道が世の中多々あるので。勿論それが犯罪に関与するような内容であればきっちり否定すべきで、事務所もそこは最低限やってくれていたと思っています,,,0,0,108,57
1.33038E+18,teiwanaki5e_2,2020/11/22 5:03,あたしが思うに、否定も肯定もしない方が早く人々の記憶から消えるからではないかと。色恋沙汰程度なら尚更。わざわざ否定する事でその報道を知らない人にまで知らせる事になり話が大きくなっちゃうというか…それが犯罪に関与する内容であれば事務所は否定コメント出してますから。個人的見解ですが。 https://t.co/25YesxsVbz,,,0,0,108,57
1.33036E+18,Imomuramoko1,2020/11/22 4:18,中居くんに一人は楽？と聞くって事はSMAPは自分達の意志で解散したと思ってる人が多いって事でも中居くんは間接的に否定荷が下りてないって事は望んでの解散じゃない紅白も年末の休みは以前から決まっていたと手紙が嘘だと分かったしリーダーが開口すれば事務所の嘘がバレる＃中居正広　最高,,,733,76,2563,11
1.33036E+18,solilogue,2020/11/22 4:16,@BCAA20000 石川：それは否定できません。事務所との所属契約の契約書を交わすときも、よく読んでいませんでしたし、複写を自分で持つという認識もなかった。業界の知識もゼロ。でも、だからといって本人の合意抜きに何でもやっていいわけではありませんよね。↑契約書交わしてるならそれが合意なんだよ‥,,,22,2,3978,2270
1.33036E+18,sin98224,2020/11/22 4:12,あなた1人のために事務所は動くの？？そんなにこのこと叶えてほしかったら事務所に要望だしてみなよ？？そんなことできたらとっくの昔にみんなやっとるわ！！あなたは否定的なツイしかしないよねいつもKinKiに対してそう言うツイ事務所やKinKiの2人も見てますよ。 https://t.co/QrCJRTqjcT,,,0,0,1375,586
1.33036E+18,shin18_koutarou,2020/11/22 3:41,2021年大河ドラマ（第60作）青天を衝けこれ出演者の事　否定するつもりはないやるからには　頑張ってほしい文句言いたいのは　事務所に一度　俳優に話を持って行ったなら大人として　キチンと出演させなよ主演だよ話がどれだけ　虐めれば気がすむわけ,,,22,2,200,214
1.33035E+18,ibd_uc_cd,2020/11/22 3:09,かまいたち山内 不倫報道での自粛に否定的「僕は自粛する気ない」https://t.co/9RQobrVHwi('Д')立場が違い過ぎるからなぁ。かまいたちに聞く方が間違ってる。マッチは事務所最年長で役員でもあるから自粛するしかないやん。若い者に示しが付かんし、「じゃあ俺も」って後輩の不祥事続出するやん。,,,1,0,2044,1307
1.33034E+18,himawaritolave4,2020/11/22 2:51,＞事務所側は（略）内容については否定＞「思いを綴った手帳が見つかっておりますが、今回の件と直接つながるような記述はありませんでした＞心情や死生観などをつづった詩のようなもの・・20日すでに事務所が遺書のようなノートを否定していたとは・・・今知ったhttps://t.co/mbaQvn584D,,,2,0,833,1686
1.33032E+18,yyy_o0o,2020/11/22 1:31,STORYやる気ゼロだし、事務所にいじめられてんのか分からんし。弁護士必要とかおかしい。挨拶回りできてないとか円満退社否定してるやん😔2020年やり直そ！私たちはずっと待ってたのに,,,0,0,53,62
id,user,created_at,text,,,fav,RT,follower,follows
1.33029E+18,klz8As70S6i3LxZ,2020/11/21 23:06,@seigi15 @magnolia03301 @ToTo_To_ToToRo @kilin_3084 大半の二重行政は維新が解消したが大学、港湾、迎賓機関、研究所、海外事務所などの統合に府議会賛成市議会は反対と同じ自民でも考えが違い都構想反対派は市が広域行政から手を引く事を明確に否定している。つまり反対派が市長になれば再び成長戦略も観光もあらゆる二重行政は復活するからな,,,0,0,62,22
1.33028E+18,klz8As70S6i3LxZ,2020/11/21 23:00,@kilin_3084 大半の二重行政は維新が解消したが大学、港湾、迎賓機関、研究所、海外事務所などの統合に府議会賛成市議会は反対と同じ自民でも考えが違い都構想反対派は市が広域行政から手を引く事を明確に否定している。つまり反対派が市長になれば再び成長戦略も観光もあらゆる二重行政は復活するからな,,,8,4,62,22
1.33028E+18,takapwin777,2020/11/21 22:47,@annko_chan__ おはポンございました！既に事務所に居るとみた。(事務所にお泊まりも否定できない)今日も元気に頑張りましょう！,,,0,0,960,527
1.33022E+18,arakidonsan1,2020/11/21 18:33,綾瀬はるか、永野芽郁と連日チュー！佐藤健のキスシーンの「魔力」 所属事務所は交際を否定しており、「友人の一人」とコメントしたようです。 https://t.co/PPJ0bdEnHr,,,0,0,1650,1773
1.33018E+18,kimigaru_chisa,2020/11/21 16:12,と一丸になって上を目指して頑張っていきたいと思っています！！そこにみんなの力もあるから、たくさん進んでいけます！！いい意見や悪い意見は私には判断できないことが多いからこそ、配信などで直接受け取ると、みんなを否定もしたくないんだけど、事務所のことを悪く言われるとやっぱり少し→,,,14,3,3045,129
1.33018E+18,sonounaromana45,2020/11/21 16:03,2017年以降に何かあった。彼にとってショックな事が…。全人格を否定する出来事だらけだわ、あの事務所。所属俳優が独立したくなるのは当然。自業自得では？一体どんなマネジメントしてたわけ？ https://t.co/HM67lKWJ9o,,,1,0,168,78
1.33017E+18,buco0306,2020/11/21 15:15,まぁ私はてごぴに出会えたのは事務所のおかげだからそういう部分で事務所に対しどうこう言うことはしたくもないし負の感情持ちたくない自分が見てきた経緯、語られたこととかそのまま受け止めて、あとはてごぴが大好きって言ってるから、それで良いと思ってる。大好きな人の大好きを否定したくない,,,3,0,100,86
1.33016E+18,2kHAty3GbAwU7Lq,2020/11/21 14:26,同じ医療従事者として同感です！2020年６月以降の明らかな激痩せ、手の震えは素人でも分かるサインだったはずです。発見時も救急要請や救命処置の前に、事務所に連絡していたのではないですか？まさか「発見時何していましたか？」→「ポケ〜としてた」？？違うなら会見で否定して下さい！救えた命では https://t.co/tek62KY5g7,,,39,9,212,185
1.33015E+18,YABUKImakoto122,2020/11/21 14:18,「ザ・ベストテン」の中で久米宏から「恋人はいますか？」と訊ねられストレートに「います」と答えている。デビュー曲「セクシー・ナイト」が3位になった11月の生放送での出来事で、事務所はあとから慌てて否定した。なにしろレコードはようやく売れ出して、ドラマの視聴率も上がってきている最中であ,,,4,0,344,866
1.33014E+18,dpt5av7yi3,2020/11/21 13:29,事務所からの命令で留学先から呼び戻された春馬くんルームメイトが証言しているのになぜそこは否定するのですか？マネージャーが命令できるほどの権力を持っているとは社会通念上思えません真実を教えてください＃逃げるなアミューズ,,,25,2,332,200
1.33012E+18,tokutoku0421,2020/11/21 12:24,#逃げるなアミューズ話をややこしくしているのは事務所からの報告が何も分からないものだからです。時間もマネジメントも全然答えてくれない。だから声を上げてるのです。それを否定的に受けとるのではなく落ち着いて文面を見てください。,,,0,0,41,41
1.33012E+18,yymmyyrr__,2020/11/21 12:09,よりによってなんで６人時代の時なんだろうね....理由をちゃんと言わないと検討もつかない人は事務所が６人時代否定してるって捉えかねないよ....,,,0,0,22,29
1.33012E+18,jaru_zukan,2020/11/21 12:03,[ウルトラズ]左からトースター松林、ホンコンチュニジア、ジッパージャンパーの三人で構成されるロックバンド。代表曲は「ヤッター」「アホグラミー賞」など。本人らはウルフルズとの関係を否定していたが、芸能事務所の意向によりコラボが実現した。登場回：ウルフルズに影響されている奴 https://t.co/cI9VXj4Rce,,,0,0,55,53
1.33005E+18,yTFmCW5ojd5ou1B,2020/11/21 7:19,Boys be 18年組4人だけなんか通りで知らん子ばっかなわけやったいや、ただ詳しくないだけで20年組を否定するつもりやないけど関西に注目集まるのうれしいし新ユニとか更に嬉しい事やけどえ、そっち…？ってとこに事務所の手が入ってきた感,,,1,0,0,0
1.33004E+18,NzcXhIJv5mgJzm0,2020/11/21 7:05,@StartUpDoIt 税理士は当たり前なのでしょうが、自分の懐事情をオープンにするのは、本来抵抗あることです。顧客からすると、同じ事務所で引き続ける見てくれた方が安心感ある面は否定できないかと。自分の担当が独立するなら、そっちで、という話もありだと思いますが。ツテを作る努力すればいいのでは。,,,1,0,23,48
1.33004E+18,ytlegOOgelty,2020/11/21 6:35,ご結婚おめでとう御座います！瀬戸康史と山本美月はお似合い？1週間前に事務所が否定した理由… https://t.co/mcQSGZO25I瀬戸の花嫁…いいね！事務所と俳優は運命共同体ですからね…,,,1,0,3514,4880
1.33002E+18,MofuYas,2020/11/21 5:19,@yujiro_0523 そうそう！事務所の考えがわからないのがまた、ちょっと不安だったりもします...😅どっち｢も｣売りたい！ならいいんだけど、どっち｢か｣の可能性も否定出来ないし...💦勢い的にはジグザグだろうけど、事務所の考えはそれとは別でしょうからねー。結果的に両方売れたらいいのか！ではあるけど...😆,,,0,0,59,71
1.33001E+18,JokaJokalove,2020/11/21 4:35,大事な家族が死に至り、しかもその事務所が疑われるって悲しく情けなくないですか。三浦春馬の死の真相を全て明らかにし、否定や真実で潔白を証明したらどうです。元々、メディア野放し時系列や経緯二転三転させて憶測の原因作ったのはアミューズです。混乱の責任取って下さい #アミューズ真実追及運動,,,15,0,181,187
1.32999E+18,ytlegOOgelty,2020/11/21 3:35,ご結婚おめでとう御座います！瀬戸康史と山本美月はお似合い？1週間前に事務所が否定した理由… https://t.co/mcQSH05CXg瀬戸の花嫁…いいね！事務所と俳優は運命共同体ですからね…,,,1,0,3514,4880
1.32996E+18,skawngur_02_22,2020/11/21 1:11,ユジミンの件事務所が否定したって事実を知らない人が多くて、悪い噂の火消しができてないのね可愛そう私は応援しちゃう文句ないくらいカリナ完璧なんだもん🥰,,,1,0,78,104
1.32995E+18,Skaters54718951,2020/11/21 0:44,脅しを行った可能性がある弁護士の所属する事務所は最初否定してたみたいだけ、どとうとう、社員が勝手にやったことです。みたいなことを言ってるみたいお里が知れるというものだ,,,0,0,138,547
1.32994E+18,pxAw5ZAJ0URhZxO,2020/11/21 0:27,小林麻耶さんに対するメディアのやり方がマジで汚い(^^)バイデンを非難事務所クビ夫に洗脳されてます〜バイデン側に反対する米Qをカルトや陰謀論と否定している中で、端にバイデンを非難した著名人である小林さんもカルト扱いし公開処刑状態指摘も出来ない笑メディアの投資元は何ですか？,,,41,12,2605,5001
id,user,created_at,text,,,fav,RT,follower,follows
1.32994E+18,kinkyu_saika,2020/11/20 23:55,推しの子の炎上描写のここがすごい！・本人垢にクソリプ・死んで謝罪しろ等無責任な発言・本人のみならず親に対しての人格否定・事務所のリスク管理を叩く・ファンからの反転アンチ・パクツイでアンチの多さをかさ増し・クソコラ・調べてみました！系リアリティがあり過ぎてつらい,,,1,0,21,88
1.32992E+18,gqRiDpSuU0,2020/11/20 22:59,それに加えて強めの価格設定のグッズの数々…それを否定してる訳じゃなくて、記者会見にしろ余りにも露骨過ぎない？そこは事務所だとは思うけど、自分達で作るアルバムじゃないの？お高いグッズARMYに売ろうとしてるの知ってる？(文字数,,,4,0,76,5
1.32992E+18,MOND04578556,2020/11/20 22:47,うちの友人達に限りだけど帝国が何を成し遂げても事務所の力って言ってるけど私自身は否定する事はなかった。一人凄い否定的なのなんなんだろうね。,,,0,0,7,17
1.32991E+18,jaru_zukan,2020/11/20 22:28,[ウルトラズ]左からトースター松林、ホンコンチュニジア、ジッパージャンパーの三人で構成されるロックバンド。代表曲は「ヤッター」「アホグラミー賞」など。本人らはウルフルズとの関係を否定していたが、芸能事務所の意向によりコラボが実現した。登場回：ウルフルズに影響されている奴 https://t.co/XjzVPgrGo0,,,1,0,55,53
1.32986E+18,loveshuse,2020/11/20 18:54,...お金の為には頑張ってくしかないんだけど、、。なんだかまた、N氏に事務所に呼ばれる事態がすんげぇ恐怖だって解んないかなぁ(´･ ･`)私は表現しようしようって頑張ってる。なのにそれを否定するんだよね。てめぇが居るからそこ働き #コミュ障  過食症,,,0,0,130,308
1.32983E+18,Ak__1847,2020/11/20 17:00,エスパやカリナの噂、デマだったらもっと事務所が動いてると思うんだよな....。裏でコソコソ揉み消したりって噂強いし、正しいことならデマには告訴しますとか、デマが流れてますが否定してひどい場合は訴えますくらい言うと思うんだよ。だってデビューさせる大事な時に公式からはノーコメってw,,,1,0,63,318
1.32981E+18,yoinihonnhe,2020/11/20 15:50,何か伝えたかったりするのでしょうか？14時10分。淳さんは真実はわからないと言ってるけど遠まわしにTBSよりも事務所に原因があると言いたいのは伝わってきますね。いじめに関しては本人が嫌だった事があるから否定はしない方が良いと思うワン。,,,7,0,242,240
1.3298E+18,kouga_777_,2020/11/20 15:06,性同一性障害に苦しんでの性転換とかは否定しないけどね　オフ会無料にしたのは素直にすげーと思うわ　どっかの事務所がSNSメインで売り出そうと企画してんのかな https://t.co/coWEks0iCa,,,0,0,554,651
