id,user,created_at,text,fav,RT,follower,follows
1.33356E+18,tornekoko,2020/11/30 23:54,複数の作家さんが所属する事務所で手伝いしてた時(ボランティア)、作家さんを前に「本は買いません、BOOK●FFで立ち読みです」って言い放った学生の衝撃は今でも忘れられない。そう言う人がいるのは否定しない。けど、状況中の状況だけに不謹慎ながら●んでほしかった。(おい,1,0,41,324
1.33354E+18,arakidonsan1,2020/11/30 22:33,綾瀬はるか、永野芽郁と連日チュー！佐藤健のキスシーンの「魔力」 所属事務所は交際を否定しており、「友人の一人」とコメントしたようです。 https://t.co/PPJ0bdmMiR,0,0,1665,1775
1.33352E+18,speranzom,2020/11/30 21:28,@over_drive_2529 実はスルーというわけでもなかった。その以前に、一回で保護者説明会で吉成社長が垂れ流したバカみたいな話についても、二回もAKSの遠藤弁護士が囲み取材で垂れ流したバカみたいな話についても、文春と産経それぞれの取材に対して所属事務所を通してちゃんと否定した。,11,2,1451,1568
1.33343E+18,aitter443,2020/11/30 15:32,職場の同僚が、私が好きなアイドル否定したうえで、同事務所の後輩グループの子の名前出してそっちのほうがいい的な発言かるーくしてきてさ。腹立つ以上におそろしくなった。こういう悪気もなんもなく地雷踏み抜く系の人、とりあえず無事であれ。,0,0,289,132
1.33343E+18,kismyft2ae,2020/11/30 15:30,@samaryoak なんかね…あちらのタグのこと、しっかりは読んでないけど、TLで流れてくる感じだとみっくんの人格否定してる人までいるみたいで…あと、公式へ抗議したり…気持ちをここで吐き出すのはいいけど…でも公式や事務所が最終的には配信決めてるんだからさ…みっくんへの攻撃はやめてほしいな😣,0,0,814,259
1.33342E+18,100607k,2020/11/30 14:52,@earthusahana 彼らの思いはわかっていますし、メンバーを否定しているわけではありません。その上にいる人達に対してです。学生のEarthもたくさん居るのに運営はそこまで考えてなかったんだと思っただけです。事務所がブラックだろうが応援したいグループは応援しています。,0,0,54,68
1.33341E+18,toru_six,2020/11/30 14:09,思い出すのは、私たちがジゅニア時代に動画投稿を始めた当初のこと。｢事務所のブランド力を低下させるのではないか｣、｢アイドルの安売りをするな｣といった否定的な意見は結構あった。,8,0,6893,0
1.33341E+18,yMOfVU5mOqJcntl,2020/11/30 13:58,@onoderamasaru 本文より「サイトル」は自社ウェブサイトで「（中略）フランクルトには事務所もサーバーもない」と明確に否定。米AP通信が米陸軍などに確認したところ、いずれもこの情報を否定した。要は和田浩明/統合デジタル「取材」センター　が自ら「取材」してない「ファクトチェック」笑,0,0,156,59
1.33341E+18,yMOfVU5mOqJcntl,2020/11/30 13:58,「サイトル」は自社ウェブサイトで「（中略）フランクルトには事務所もサーバーもない」と明確に否定。米AP通信が米陸軍などに確認したところ、いずれもこの情報を否定した。要は和田浩明/統合デジタル「取材」センター　が自ら「取材」してない「ファクトチェック」笑https://t.co/A5CGrJKqRW,0,0,156,59
1.33341E+18,dong__dong,2020/11/30 13:48,そうだったら否定的なコメントは抹消されるよね。あの事務所ならそうする。,0,0,279,304
1.33339E+18,monster_kazu,2020/11/30 12:39,@jda1BekUDve1ccx ＜承前＞・ドイツサーバーを押収されたというスペイン企業「サイトル」は自社ウェブサイトで、「米国でのサービス用サーバーは全て米国内に存在する。フランクルトには事務所もサーバーもない」と明確に否定。,0,0,72,254
1.33337E+18,x_kazuki19,2020/11/30 11:12,@Xv_shocklunab_t 取材に対して、所属事務所が否定も何もしないって事は、本人かも知れませんしね。😅生存確認できたから良いと思います。😄,0,0,1241,4968
1.33337E+18,x_kazuki19,2020/11/30 11:08,@rustyna42034103 でも、HEATHの所属事務所も否定してないんですよね。😅自分も、日産スタジアムのゴール裏に良く居るので、テレビとかで映りますよ。😄,1,0,1241,4968
1.33333E+18,jaru_zukan,2020/11/30 8:38,[ウルトラズ]左からトースター松林、ホンコンチュニジア、ジッパージャンパーの三人で構成されるロックバンド。代表曲は「ヤッター」「アホグラミー賞」など。本人らはウルフルズとの関係を否定していたが、芸能事務所の意向によりコラボが実現した。登場回：ウルフルズに影響されている奴 https://t.co/pjQXcKyODk,0,0,65,60
1.33332E+18,Eriuykaaa39,2020/11/30 7:47,日高くんの件、色々言われてて、たしかに、今？とも思うけど、日高くんのそのリリックに救われ、日高くんの考えに共感を持ったうちらをも否定するような発言は控えていただきたいなぁ。。パクったこと自体悪いんだし、事務所的にも色々言ったら潰されるの分かっててSNSを使ったと思うし、もどかしい,1,0,9,25
1.3333E+18,dokuho555,2020/11/30 6:50,しかし前職ブラック企業から芸能事務所のマネージャーという経歴を持つ夢主ちゃんはそんな理不尽で我儘kitさんの要求も頑張ってこなす。ただ、週刊誌の報道だけは突撃してきたカメラの前で全力否定。記者「タレントのkitさんと御付き合いしているようですけれども」夢主「いや、違いますって」,5,0,239,61
1.33329E+18,harema01,2020/11/30 6:11,嘘つき人は、散々事務所批判していたのに、春馬ファンが一般人からあたおか認定されると、急に我は部外者ばかりにあたおか憶測を否定し、事務所批判も否定してたんですよ。周りの人から聞き出すにはあたおかというイメージを払拭なきゃと。でもまた事務所批判始めたんですね、振り出しに戻りましたね,5,1,12,24
1.33329E+18,AFanWithNoName,2020/11/30 6:04,#堀北真希 は賢い。「円満退社」の建前上、事務所に反して自ら「引退」を否定することは得策ではない。だが逆に「引退」「辞める」と明言しないことで、事務所が主張する「引退」に疑問符がつく。実際、今回の件を「実質的には育児休業であり、いずれ活動を再開する」とみる芸能記者は少なくない。,0,0,12,0
1.33326E+18,occult_lolita,2020/11/30 3:53,メジャーのアイドルは色んな企業のしがらみや事務所の若手への売出しのシフト、及び年齢と人気の関係も否定できないのでアイドル活動期間は比較的短命かと思い、地下なら変なしがらみもなく会社から半強制的にアイドル終了させられる事もないだろうと思ったら、その実は地下の方が短命だったあるある…,0,0,0,0
1.33324E+18,loveshuse,2020/11/30 2:54,...お金の為には頑張ってくしかないんだけど、、。なんだかまた、N氏に事務所に呼ばれる事態がすんげぇ恐怖だって解んないかなぁ(´･ ･`)私は表現しようしようって頑張ってる。なのにそれを否定するんだよね。てめぇが居るからそこ働き #コミュ障  過食症,0,0,128,308
1.33322E+18,OdangoHamtarou,2020/11/30 1:34,@haruma1990_45 体調不良は明らかにあったと思います。私は考えがブレブレでどれもあり得るかなと思ってます。体調不良で亡くなったら過剰労働が突っ込まれるから偽装自殺かなとか。はるさんの考えも否定したくありません。真実はわからないですからね。事務所に原因があるのは間違いないと思ってます。,5,0,693,701
id,user,created_at,text,fav,RT,follower,follows
1.33392E+18,sscTurboWays,2020/12/1 23:34,藤田ニコル　稲葉友と“極秘交際”報道　事務所は否定せず「本人に任せています」 (デイリースポーツ) https://t.co/qE0ffe1u7xこれで結婚とか妊娠とか出てきたらまさに「マッハ～」だな🎵,1,0,1714,4957
1.33392E+18,4403sora,2020/12/1 23:24,藤田ニコル 稲葉友と“極秘交際”報道 事務所は否定せず「本人に任せています」 https://t.co/nX5wS93R2f,1,0,1789,1881
1.33391E+18,ricanikanmuri,2020/12/1 23:18,藤田ニコル 稲葉友と“極秘交際”報道 事務所は否定せず「本人に任せています」 https://t.co/xZv1lghWIt だぅでもいいけど最近の芸能記者もラベルが落ちたなぁ,0,0,2480,4999
1.33391E+18,tkishi4,2020/12/1 23:01,藤田ニコル 稲葉友と“極秘交際”報道 事務所は否定せず「本人に任せています」 https://t.co/dWrncMvMPk 当たり前です。愛はひそかに育てるもの。そっとしときなさい。,0,0,11,66
1.33391E+18,masha_himemiya,2020/12/1 22:55,流事務所のコロナ対策を否定、批判するのは、流石にダメだろ。好きなグループの所だけに残念。前髪ちゃんにも来るやつだから困るよね。 https://t.co/yFRW950B3a,0,0,346,432
1.3339E+18,MSNJapan,2020/12/1 22:10,藤田ニコル 稲葉友と“極秘交際”報道 事務所は否定せず「本人に任せています」 https://t.co/9dJ5ocmGth,0,0,21070,46
1.33389E+18,Daily_Online,2020/12/1 22:05,藤田ニコル　稲葉友と“極秘交際”報道　事務所は否定せず「本人に任せています」/芸能/デイリースポーツ online https://t.co/pfbHBWAxcu #熱愛 #結婚 #DailySports,5,1,88411,24279
1.33389E+18,amanattoiioyaji,2020/12/1 21:39,チャラチャラしないで、堂々と綺麗に付き合った方が好感がもてる藤田ニコル 稲葉友と“極秘交際”報道 事務所は否定せず「本人に任せています」 https://t.co/34JnUL1AGs,0,0,2,0
1.33389E+18,ssshrtkkz,2020/12/1 21:32,藤田ニコル 稲葉友と“極秘交際”報道 事務所は否定せず「本人に任せています」 https://t.co/w6CzvdfKpJ,0,0,1041,1172
1.33388E+18,loveshuse,2020/12/1 20:54,...お金の為には頑張ってくしかないんだけど、、。なんだかまた、N氏に事務所に呼ばれる事態がすんげぇ恐怖だって解んないかなぁ(´･ ･`)私は表現しようしようって頑張ってる。なのにそれを否定するんだよね。てめぇが居るからそこ働き #コミュ障  過食症,0,0,128,308
1.33385E+18,kochu50787547,2020/12/1 18:58,@jny0626 @sfikms そうですか？ジャニーズ事務所がホテルの件を否定できなかったので、ホテルの件は事実ですよ、ファンなのに知らなかったですか？,0,0,134,438
1.33381E+18,DnJktokumori,2020/12/1 16:39,モデル事務所にスカウトなので否定される,1,0,6,6
1.33381E+18,kinpuri_ol,2020/12/1 16:38,@56KLMPgEa4WU6DX そうなの、本当にそう………！信頼関係があるから問題ないのよ！しかも岸くんがそれを違うとわざわざ否定するくらいなんだから、彼にとってはイジリでは全くないのよね！他のメンバーがというより、その企画を通した事務所サイドの問題とかの意見もあるけど、私たちがどうこう言う話しじゃないよね……,1,0,1147,220
1.33379E+18,131_y__,2020/12/1 15:17,実際2人は本当に大変だったと思う、事務所の人やスタッフさんに代表で怒られ、メンバーを代表で叱り…、リーダーを作らないと決めたJUMPを否定する気は無いけど、きちんとした、決められたリーダーが居ないからこそ大変な部分もきっとたくさんあったんだろうなぁ。,0,0,62,72
1.33377E+18,nmmmm__91,2020/12/1 14:02,"経済効果も含めて事務所も国も、どっちかというとあと１,２年はいて欲しいんだろうけどさ〜。本人たちの意思に反するようなことになる可能性も否定できなくはないよね、、本人たちがどう思ってるのかは知る由もないけど。上の人達が決めたことでも色々言われるのは結局本人たちなんだからさ、",0,0,71,224
1.33374E+18,testyuj,2020/12/1 11:45,#芸能 のファンが三奈　味方なわけでもないでしょうにタレントの暴走静止のために　事務所がスパイ送り込んでも否定する証拠はないはず（その逆もそれを一般人が変人だとか怖いとかただ政治の世界は芸能よりもはっきりとしている既存談合政党　ｖｓ　候補者・政治の世界に繋がりを持ちたい人,1,0,7112,7165
1.33374E+18,you_stage,2020/12/1 11:43,@mayukonb 微妙な関係が続いていた？みたいな報道で、え、つき合う前にそういう関係だったのかな？？？とか思ってしまって、、😭😭😭熱愛出ずに結婚報告ならまだ生きられました………事務所も否定してないし事実なんだろうなぁ💦,1,0,40,108
1.33371E+18,hinasumihinasum,2020/12/1 10:09,@oyagakoniosieyo @osechies 三波春夫さんの事務所が明確に否定されてます。「お客様が偉い」とか「何でもお客様の言うことを聞け」という意味ではないと。ステージに立つ時の心得のような意味だと。,2,0,2081,1365
1.33368E+18,lovepeace0120,2020/12/1 7:55,先日あるスピ系かな？と思われるカウンセリングのクラファンが大成功したらしく、事務所を立ち上げるという内容が流れてきたので、事業内容とか読んでみたら学問を真っ向から否定していたので、モヤモヤしてる。どうかなぁ…それでいいのかなぁ,0,0,241,907
1.33367E+18,ZIVImHFg6wkHd6a,2020/12/1 6:54,こんなふうに思ってた事もあったな。事務所からのお知らせがないのは、ほんと寂しかった。だけど、節目でコメント発表していただいて、なんとなく理解もした。だから今は、事務所に対して否定的なことは思ってない。以上。 https://t.co/kpZlzTsC2Q,3,0,131,157
1.33366E+18,jaru_zukan,2020/12/1 6:28,[ウルトラズ]左からトースター松林、ホンコンチュニジア、ジッパージャンパーの三人で構成されるロックバンド。代表曲は「ヤッター」「アホグラミー賞」など。本人らはウルフルズとの関係を否定していたが、芸能事務所の意向によりコラボが実現した。登場回：ウルフルズに影響されている奴 https://t.co/LXPZe9P1Xi,0,0,65,60
1.33365E+18,momoo_t,2020/12/1 6:02,160500 判例タイムズ1422号_東京地裁_平成27年9月1日_賃借した事務所住所_振り込め詐欺_金員送付先住所_警察庁等のホームページ_公開_貸主_不動産仲介業者_瑕疵担保責任_不法行為_否定,0,0,4777,846
1.33364E+18,yoshi78511819,2020/12/1 4:54,今、桜を見る会の前夜祭での事務所の関与や差額の補填についても明るみに出ている。安倍はこのことを国会で明細書の存在すら否定するウソの答弁を33回もしている。この明らかになった証拠から安倍を突き詰め、モリカケ問題まで安倍の責任を問い質してもらいたい。それと芋ヅルでカスまでも願いたい😡,34,10,1754,1667
1.33362E+18,n_doorknob_s,2020/12/1 4:09,@xxx_wkosws 辛いｗｗｗアレもコレも否定されてやさぐれてるのかわいそかわいいｗｗｗね！タッキーも過去には主演できてたし別に出れないことないよね！！！ちょんまげ事務所NGなんです…？？ｗｗｗ(←,0,0,286,319
id,user,created_at,text,fav,RT,follower,follows
1.33427E+18,tsfayoshi,2020/12/2 22:39,桜を見る会の前夜祭で安倍前首相の事務所が経費82万9394円補填していた。国会の答弁では否定していたが嘘だった。東京地検は政治資金規制法違反、公職選挙補填違反です調査を開始した。国会の場で何度も嘘の答弁を繰り返す政治家を許してはいけない。特捜部は権力に屈しないで徹底的調査してほしい。,2,0,2,2
1.33426E+18,52Marumi,2020/12/2 22:11,稲葉友との熱愛報道が出た藤田ニコル 事務所は否定せず #ldnews https://t.co/pZoDBu0N6o,0,0,385,1103
1.33426E+18,fshp20,2020/12/2 22:08,事務所、メンバー、ヲタの気持ちが一致することはほぼないだからといって完全に無碍にされることもない例えば自分は名曲は唄いついでいってこそ活きる派だし封印されることでより評価されるてのも否定はしないまあ１ヲタの戯れ言として流してください,2,0,652,1470
1.3342E+18,EVOL31915741,2020/12/2 18:08,@warabi82951003 横から失礼します。とーってもお気持ちわかります。熱心な古参のファンの心理は、なぜか所属事務所にも愛着を持つみたいで、それらを否定することは長年やってきたこと=自分を否定することになるから、なかなかできないみたいですよ。アミューズに限らずそうだと感じます。実は推しより、自分なんです,3,0,88,184
1.33419E+18,p3z9IBRM6eBRrZJ,2020/12/2 17:22,もしあのネットニュースがガセなら事務所は否定した方がいいと思う。ママのブログの感じではそこまでと思えなかったけどどうだろ。それがもし事実なら相当深刻な状態だということ。即活動休止の判断だと思う。今後も有る事無い事ニュースにされると思うしメンバーとファンを事務所は守って欲しい。,0,0,8,19
1.33417E+18,N_Suwawa1102,2020/12/2 16:27,さて、諏訪さんの画像云々の締めつけは事務所主体でやっている事なのでまさかこの自体を有耶無耶にするわけないですよね？有耶無耶にすると転載云々を一切言えないしこんなに大々的にやられてしかも商売までされているモノを放置するなら事務所としての方針を自分から否定するものになりますね(?),0,0,116,122
1.33417E+18,FREESTYLE_MGZ,2020/12/2 16:21,New post: 稲葉友との熱愛報道が出た藤田ニコル 事務所は否定せず https://t.co/JZAtppxqUF,0,0,302,1286
1.33417E+18,logol19,2020/12/2 16:04,@9NrUSmYEU16tAEj グループや原案者の人格を否定したい訳ではありません。配給元、制作陣、事務所のガバナンスにも問題があると考えています。もちろん性犯罪コンテンツは言語道断です。,0,0,182,566
1.33416E+18,GhettoOrgan,2020/12/2 15:35,"""そこには、これまでの安倍前首相の答弁を真っ向から否定するホテル側の回答があった…この文書は辻元事務所がホテル側の担当者に問い合わせ、「口頭だと誤解があったら困るから、正式に文書で出したい」として回答してきたものだ"" #桜を見る会 #安倍晋三の逮捕を求めます https://t.co/AHci9QJNjG",0,0,526,145
1.33413E+18,light_56_shadow,2020/12/2 13:23,@SShip1028 コメントありがとうございます。事務所を否定するつもりはありませんが、管理はどうなっていたのだろう…と思うことはあります。今は無理でも、未来では春馬くんの歌唱映像等を観られることを願っています。,0,0,1,16
1.33412E+18,blog50810420,2020/12/2 12:44,【芸能】藤田ニコル、稲葉友と熱愛報道 事務所否定せずhttps://t.co/cRHPOfs9C4,2,0,375,455
1.33411E+18,Ota52844739,2020/12/2 12:32,きむそぬ、同じグループのニキと熱愛報道 事務所否定せず https://t.co/6XoeW6YGd0,6,0,74,41
1.33411E+18,lufgene,2020/12/2 12:26,事務所が否定してるのをわざわざ流されてかわいそうにな。,0,0,1,8
1.3341E+18,hf__1221,2020/12/2 11:51,中国語とかカメラとか、推しがやってるからでしょ？ってよく言われるけど、そもそも事務所知る前からずっと好きでやってる事だから何でも繋げるのやめてくれ。でも、推しのおかげでモチベーション上がってるのは確かだし、すぐ影響されるのは否定しない。,0,0,43,87
1.33409E+18,utu_makemai12,2020/12/2 11:14,@moderate1115 @2efZvZfd62017Lk 国家観とか以前の問題高須先生やリコール派は｢あいトリが(主な)リコール理由｣だったはず知事の人格やルーツまで否定大村事務所まで行って嫌がらせやってることが｢リコール運動｣の範疇を超えて｢いじめ｣｢ヘイト｣ https://t.co/cjE9dAcqdX,0,0,322,392
1.33408E+18,kiko_sin_zaki,2020/12/2 10:17,否定的な見方しか出来なくて気持ちが離れちゃってたけど、今はもうゆっきーの事も事務所の事も頑張れって応援するよ,0,0,173,457
1.33406E+18,pururun_z,2020/12/2 9:17,藤田ニコル　稲葉友と“極秘交際”報道　事務所は否定せず「本人に任せています」（デイリースポーツ） - Yahoo!ニュース https://t.co/XTSzJPNusl ｲｯﾃｲｲﾖｰっていわれたんかなやっぱり,0,0,1516,1111
1.33405E+18,sosoug23,2020/12/2 8:26,稲葉友との熱愛報道が出た藤田ニコル 事務所は否定せず https://t.co/mPQqZAcsca,0,0,1166,1405
1.33405E+18,_otnh5,2020/12/2 8:19,待ってなんか引リツで否定的なこと言われたりするけど事務所叩かないであげて🥺（小声）別に韓国意識してこうやってやってるかどうかなんて分かんないし🥺（小声）,0,0,65,54
1.33405E+18,kokuwa_memory,2020/12/2 8:17,藤田ニコル、稲葉友と熱愛報道　事務所否定せず #ldnews https://t.co/j56qECqssa,0,0,667,448
1.33404E+18,yuakira1,2020/12/2 7:59,「桜を見る会」補填疑惑 今井前首相補佐官を直撃「安倍さんも確たる思いで……」 https://t.co/ECngIf3LPR 安倍氏関与を否定の「安倍氏周辺」安倍事務所とホテル側の“口裏合わせ”黒川弘務氏の辞任後に動き出した捜査、安倍氏/麻生太郎氏の菅首相への不満など12/3発売号に@tim1134 @iwakamiyasumi,19,12,3016,137
1.33404E+18,kawama2_,2020/12/2 7:47,稲葉友との熱愛報道が出た藤田ニコル 事務所は否定せず #ldnews https://t.co/iUWqnUl3Uo,0,0,2726,2644
1.33404E+18,kura_san8,2020/12/2 7:35,記事元は文春さんですか、抜け目ないですね(^-^;ニコルはイケメン好きでしたか#藤田ニコルhttps://t.co/VRw09UAIxZ#稲葉友 https://t.co/my2fWqzBfV#藤田ニコル、#稲葉友 と #熱愛報道事務所否定せず(#Infoseekニュース) https://t.co/2ZDK90a12o https://t.co/8Vr6Bwsr6p,2,0,439,644
1.33404E+18,Infoseeknews,2020/12/2 7:35,文春で熱愛報道､事務所否定せず https://t.co/gK56u0BIpH,0,0,24658,10628
1.33402E+18,kyodo_newsmart,2020/12/2 6:40,藤田ニコル、稲葉友と熱愛報道　事務所否定せず [画像] ー エンタメ総合  https://t.co/u1cbm3jhJM,0,0,6200,1
1.33402E+18,k8fyVtQUVmD79mw,2020/12/2 6:32,@kokomari_st わかるよー。春待つ僕らに出てた人。仮面ライダーだったのね。両事務所否定しないんだ😅,1,0,339,90
1.33402E+18,kokomari_st,2020/12/2 6:25,@k8fyVtQUVmD79mw 稲葉友って俳優さん😍竹内涼真くんがやってた仮面ライダードライブで２号ライダーのマッハ役で出演してた俳優さんなのー❣️今回にこるんと熱愛報道で両事務所とも否定せずだって♡,1,0,127,120
1.33402E+18,mfmf_816v,2020/12/2 6:24,芸能人のなりすまししてる人と話してるんだけど公式に否定されているにも関わらず「私が本人です❣」って言っててお触り禁止案件な気がしてきた…。懸賞垢でもなりすましって居るけど芸能人のなりすましは一層たちが悪いのね…。早く事務所に訴えられてしまえーい❣笑,3,0,145,342
1.33402E+18,newsuka,2020/12/2 6:21,稲葉友との熱愛報道が出た藤田ニコル 事務所は否定せず https://t.co/9DrifsPqVM #芸能 #ニュース,0,0,265,121
1.33402E+18,heartbeat19621,2020/12/2 6:17,藤田ニコル、稲葉友と熱愛報道　事務所否定せず  | ORICON NEWS https://t.co/uXQig4pfVj仮面ライダーマッハが文春砲で、熱愛報道だと！？#仮面ライダードライブ,0,0,494,1746
1.33402E+18,entameflash,2020/12/2 6:15,稲葉友との熱愛報道が出た藤田ニコル 事務所は否定せず... https://t.co/6INVvbVaGo,0,0,2320,1835
1.33401E+18,2nn_mnewsplus,2020/12/2 5:59,【藤田ニコル】稲葉友と熱愛報道 事務所否定せず「プライベートは本人に任せております」 https://t.co/deAYa3gYgS,0,0,2454,0
1.33401E+18,oricon,2020/12/2 5:57,藤田ニコル、稲葉友と熱愛報道　事務所否定せずhttps://t.co/iuCYJNdKEa #藤田ニコル #にこるん @0220nicole,557,54,703300,20595
1.33401E+18,edaroh_colony,2020/12/2 5:52,"通過。今回きつくて効率の悪い仕事を回されたのは御朱印帳を忘れたことにある。しかしそれに気づくまで３時間以上を要した。通勤時の行動パターンは乱れていなかったが、ダイヤ乱れに備え１本早い列車にした可能性も否定できない (@ 北区赤羽区民事務所 in 北区, 東京都) https://t.co/wHymBYWth5 https://t.co/XblWqNUnZT",0,0,70,44
1.334E+18,kumimiki0414,2020/12/2 5:06,ただ、一言✨‼️お似合いです。ウェディングドレスツーショット楽しみです。ニコル　稲葉友と“極秘交際”報道　事務所は否定せず「本人に任せています」 (デイリースポーツ) https://t.co/YtrLtwWloq,0,0,83,498
1.334E+18,8323Saburoh,2020/12/2 4:49,藤田ニコル　稲葉友と“極秘交際”報道　事務所は否定せず「本人に任せています」/芸能/デイリースポーツ online https://t.co/Z7o6yu1SLw @Daily_Onlineより,0,0,250,273
1.334E+18,jamdaddy213,2020/12/2 4:48,今、芸能人のゴシップニュースを見てるんだけど「プライベートな質問に答えるつもりはない」って所属事務所の回答を「事務所は否定はしなかった」って受け取るってどんだけポジティブに歪んでるんだよマスコミは🤔それともプライベートな…って隠語か何かなの？🤔,5,0,1111,361
1.33399E+18,kagamitaiga1996,2020/12/2 4:37,藤田ニコル　稲葉友と“極秘交際”報道　事務所は否定せず「本人に任せています」 https://t.co/KrRIxsDUKU別にええやんまたバイキングでやるんかいこういうの,0,0,3447,5000
1.33398E+18,ossansukooo,2020/12/2 4:01,@gojyudesu コラこちらの芸能人おふたりに謝りなさい！！！！彼らもまさかの大火傷で事務所総出で失笑してはる！！！とはいえ高橋克実っぽさは否定しない！！！！顔面が渋い隠れイケオジだとしても独特すぎるごじゅうとまともに会話できるのはまるまる先生か私しかいないので親心が芽生えつつあるぬれ美でした🙇🌱,2,0,346,734
1.33397E+18,84Katie7410,2020/12/2 3:13,俺たちのマッハが…正直気が気でない…藤田ニコル　稲葉友と“極秘交際”報道　事務所は否定せず「本人に任せています」 (デイリースポーツ) https://t.co/uKn6VVfdDr,2,0,430,675
1.33397E+18,Mika_nicoru,2020/12/2 2:54,@oto83748259 私もネットは基本信じてない😅あと事務所が完全否定したら信じてもいいかな～？とにかく姫の幸せが最優先ですね❤️,10,0,553,504
1.33395E+18,maeve_e,2020/12/2 1:40,ロンハーでの、草薙さんとの共演が楽しみだなぁ😏藤田ニコル　稲葉友と“極秘交際”報道　事務所は否定せず「本人に任せています」(デイリースポーツ)#Yahooニュースhttps://t.co/Mzu1phh031,1,0,55,111
1.33395E+18,romuonrii,2020/12/2 1:26,あさイチでマスク比較。ウレタンマスクは効果が低いことをいってくれて👍フェイスガード単独使いもさらっと否定。マウスシールドではダメだってことは言ってくれなかった、てかマウスシールド自体に触れてなかったような・・ASOの事務所からプレッシャーがかかったのか（妄想です,9,1,144,195
1.33394E+18,jinta_k_yusuke2,2020/12/2 1:03,まぢでやだ…😭😭💔稲葉くん…藤田ニコル　稲葉友と“極秘交際”報道　事務所は否定せず「本人に任せています」 (デイリースポーツ) https://t.co/ORGItQyocx,1,0,89,633
1.33394E+18,nullnothing00,2020/12/2 1:00,藤田ニコル 稲葉友と“極秘交際”報道 事務所は否定せず「本人に任せています」 https://t.co/QHM6gCMjvK 剛ー！？,0,0,35,77
1.33394E+18,NMWTmtQkzUWY,2020/12/2 0:53,藤田ニコル 稲葉友と“極秘交際”報道 事務所は否定せず「本人に任せています」 https://t.co/5BpFWg1bnu,1,0,28,95
1.33394E+18,chatoran5,2020/12/2 0:48,藤田ニコル　稲葉友と“極秘交際”報道　事務所は否定せず「本人に任せています」 (デイリースポーツ) https://t.co/JU2r4XsAkJ,0,0,56,3
1.33393E+18,tokiyoshisue,2020/12/2 0:42,ころなさんじゃなかったら、公演期間に持って行くで良かったんだけど。ころなさんだから、受取自粛してる公演ばかりだし。そしたら事務所にお届けになるのだけど、それもダメなら、その旨のお返事欲しいなぁ、と。でも自分のメール自体が迷子の可能性が否定出来ない(2度あることは3度あるよね),0,0,97,100
1.33393E+18,shinjitutuikyu,2020/12/2 0:32,はてなブログに投稿しました #はてなブログ東京・六本木の弁護士に人格を否定する内容のメール&amp;弁護士事務所に事務所の入るビルのエントランスで自殺します！を送り業務を妨害したなどとして39歳の女が逮捕されました。 - 冷静に新潟を見つめる会　              真実の追究 https://t.co/GXKZ1dvyKS,2,0,520,540
1.33393E+18,shinjitutuikyu,2020/12/2 0:31,東京・六本木の弁護士に人格を否定する内容のメール&amp;弁護士事務所に事務所の入るビルのエントランスで自殺します！を送り業務を妨害したなどとして39歳の女が逮捕されました。 https://t.co/XSnUyLOjzZ,0,0,520,540
1.33393E+18,ULD8zrqte_YOI,2020/12/2 0:26,妹に応援してるアイドルグループのことを「作られた人気」と言われてモヤモヤしてる…確かに大手事務所が力を入れて売り出しているのは確かだけど彼女たちがしてきた努力まで否定されたようでツライ…😢応援してる人間にたいしてわざと傷つける発言をするのかも理解できないまだモヤモヤしてる😣,3,0,47,74
1.33393E+18,NeoTorir,2020/12/2 0:13,稲葉くん…平成ライダーでマッハは2番目に好きなんだ…藤田ニコル　稲葉友と“極秘交際”報道　事務所は否定せず「本人に任せています」(デイリースポーツ)#Yahooニュースhttps://t.co/yRlQo4MqGR,0,0,4,11
1.33392E+18,micunowen,2020/12/2 0:02,"藤田ニコル　稲葉友と“極秘交際”報道　事務所は否定せず「本人に任せています」（デイリースポーツ） - goo ニュース  https://t.co/2DBG1FDtd6""剛""欲な壺…",1,0,2257,2662
id,user,created_at,text,fav,RT,follower,follows
1.33465E+18,mnv6_,2020/12/3 23:56,否定的な〜のやつ、事務所の人だったし、降板した舞台の演出家さんだったし、レッスンの先生だった場合もう逃げるしかないよね…(震え声)https://t.co/8qsNqpllao,0,0,45,196
1.3346E+18,arakidonsan1,2020/12/3 20:53,2020年最新 藤田ニコルハーフ 藤田ニコル、稲葉友と熱愛報道 事務所否定せず2020/12/02 (水) 14:55モデル・タレントの藤田ニコル（22）が1日、俳優・稲葉友（27）との熱愛を「文春オンライン」で報じられた&amp;hellip。 https://t.co/io7nfckwY5,0,0,1665,1775
1.33459E+18,talent_news_web,2020/12/3 20:15,【藤田ニコル】稲葉友と熱愛報道　事務所否定せず「プライベートは本人に任せております」 [首都圏の虎★] https://t.co/iIW0KbJqIh,0,0,138,161
1.33459E+18,102tfymsik,2020/12/3 20:11,なので本当に事務所でもエイベでもいいから一回彼らにコンプラ研修受けさせてくれ。。本当にいい子達なのはわかりまくってるからこそまた彼らが人格否定に合わないようにしてあげてほしい。ファンの寿命が縮んでしまうよ。。。,14,1,67,13
1.33459E+18,mk_xiaotin7tw,2020/12/3 19:54,🤓正直、今のタイミングからラップやダンサー路線はイタ過ぎるwwwBL事務所の同僚さんみたく器用な方ならともかく、そんなんやるより自慢の🎶創作力と声、弾き語りを活かす方が長ーく応援してくれる固定ファンが付くハズ‼️(まぁ、挑戦は否定しませんよ、やってみて悟れば良い),0,0,198,111
1.33452E+18,vrr8c5EudvHO0iH,2020/12/3 15:46,次々とスキャンダルが浮上するのは安倍隠しをねらってるのだろうか？国会で安倍元総理自身が安倍事務所の関与を繰り返し否定して証拠を出せと言い逃れていたではないか。なぜ安倍晋三に逮捕状がでないのか？総理大臣の職務を放り出した卑怯者をサッサと牢屋にいれろ。 https://t.co/9n5L1jNt79,1,0,19,30
1.3345E+18,tokyo_taxi_1,2020/12/3 14:00,@kaminoishi 息を吐くように嘘をつく朝鮮民主党議員。事務所は否定してますが、珍哲朗が票集め以外で金払うわけねーだろ。しかも政治資金でwww,4,1,3515,3503
1.33449E+18,_yumalan,2020/12/3 13:38,物事ぜんぶポジティブ変換したほうが人生楽しい。ヲタクも、事務所がする事なす事全てに批判や否定から入るんじゃ無くて、1回自分で飲み込んでそこからポジティブ変換したほうが楽しいし無理やり脳内お花畑にしちゃうほうがぜったいヲタクしてて幸せ‼️,0,0,24,394
1.33447E+18,zattaaka25,2020/12/3 12:09,ブスノ担まじで引用面倒だね🥺冷静に打ってるから顔真っ赤にして否定してないし、誰もブスノに嫉妬しないよ〜！こっちはなんでブスノが推されて王道である👑🍮みたいなGが露出少ないのか事務所に疑問抱いてるだけだし、ブスノ見ると本当に不快になる🤢あといちいちブスノで検索かけてるの面白いね,19,0,19,0
1.33447E+18,maa1nana1masa,2020/12/3 11:59,@deme__tkmn32127 売れっ子2人よ？事務所が否定しない……って事は🤭時点で御理解くださーい🙌🏻💕,0,0,107,141
1.33446E+18,tomohiro1983,2020/12/3 11:15,藤田ニコル、稲葉友と熱愛報道　事務所否定せず | ORICON NEWS https://t.co/pftBOm42QJ 稲葉友って「ゆうたの」の元カレ役だっけ？,0,0,507,334
1.33444E+18,yyanjikun,2020/12/3 10:25,@ISOKO_MOCHIZUKI この金額を秘書が自由にできるわけない。もしできるなら安倍元首相の事務所には数億円の面に出ないお金があっても不思議ではない。毎年補填される官房機密費を私的に流用していたとされても誰も否定しないのでは？,14,2,60,169
1.33444E+18,AFanWithNoName,2020/12/3 10:06,#堀北真希 は引退じゃなくて実際は育児休業だよ。「円満退社」という建前上、事務所の主張する「引退」を真っ向否定するのは難しいけれど。今 否定をしてマスゴミに周辺をうろつかれるのも御免だしね。でも堀北サイドの誰も「引退」「辞める」とは言ってないし。育児が落ち着けば活動を再開するよ。,0,0,12,0
1.33439E+18,y6rEtisSm0YOaD7,2020/12/3 7:02,デレステのアイドルに運営の扱いの差があるのは現実の事務所と似た感じあるなあ。待遇の差はむしろリアリティ、、、。（なお扱いの差について肯定も否定もするつもりはない,0,0,2,47
1.33438E+18,ykptt5588,2020/12/3 6:21,@kanjuku_0303 否定も肯定もするなって事務所に言われてるから,0,0,19,28
1.33437E+18,Richard0812,2020/12/3 5:24,大きな事務所なら熱愛記事出たときに会見開いて肯定か否定できるんだけどガクトさんは個人事務所で小さいからavexのICONIQの握手熱愛(笑)の時も吹き替えでベッドで聞いてみます発言あっただけだったよ。セリフもてきとーに作られてそう。,0,0,232,1
1.33435E+18,Sankei_news,2020/12/3 4:04,安倍前首相の任意聴取要請　「桜」夕食会で東京地検特捜部https://t.co/sFOE8iBEE3安倍氏自身も告発の対象で、特捜部は補填行為を認識していたか確認するものとみられる。安倍氏は昨年11月、国会などで「安倍事務所も後援会にも一切の入金や出金はない」と述べ、補填を否定していた。,127,59,558792,207
1.33435E+18,xMN9gIGalvtknim,2020/12/3 3:53,ダンマカ、否定的な意見もあると思う。けど文句を言うならアイナナ公式じゃなくて出演させた小鳥遊事務所だよねってなるところが好き。,0,0,135,325
1.33433E+18,RobbyNaish77,2020/12/3 2:45,#安倍晋三の逮捕を求めます 安倍氏の関与を否定した安倍氏周辺安倍事務所とホテル側の口裏合わせ？ 黒川前東京高検検事長の辞任後に動き  出した東京地検特捜部の逆襲。https://t.co/GBE0svdEWa https://t.co/Tg7WDXTzEg,166,87,3383,3293
1.33432E+18,toridann5oog,2020/12/3 2:22,仮に事務所と報道が結託して無かったとしても新聞雑誌の「メンバー間確執不仲」連呼を否定しないで「あ、じゃぁそれもーらい☆」したのはさすがにやばかったね事務所には解散に至った経緯を正直に話してほしいべつに怒ったりしないから(大嘘),0,0,0,0
1.33432E+18,inheave38414160,2020/12/3 2:19,森友問題では、麻生や佐川らが約１年半の間に、国会で事実と異なる答弁を１３９回、桜を見る会前夜祭について安倍は事務所の関与や差額の補塡、明細書の存在を否定する国会答弁を計３３回していたという。社説：森友問題への政府対応　歯止めかからぬ国会軽視 - 毎日新聞 https://t.co/IEDSLHK0z1,2,0,83,202
1.33432E+18,ScamColor_2,2020/12/3 1:57,こばしりさんが自粛中に石田純一と会食？週刊誌で噂が出回るも、本人も事務所も否定せず…。https://t.co/7pvVTddsWc#こばしり #はてなブログ #石田純一 #コロナウイルス,1,0,49,38
1.3343E+18,jagata_kun,2020/12/3 1:07,【藤田ニコル】稲葉友と熱愛報道　事務所否定せず「プライベートは本人に任せております」  [首都圏の虎★] https://t.co/jfVvNDdXmY,0,0,21637,17259
1.3343E+18,Subho_ho,2020/12/3 1:05,【藤田ニコル】稲葉友と熱愛報道　事務所否定せず「プライベートは本人に任せております」  [首都圏の虎★] https://t.co/667A5Xb7vC,0,0,2152,1588
1.33429E+18,Favcapture,2020/12/3 0:13,【藤田ニコル】稲葉友と熱愛報道　事務所否定せず「プライベートは本人に任せております」 [首都圏の虎★] https://t.co/Rp4WvMNp0g,0,0,335,388
1.33429E+18,ASDbymohu,2020/12/3 0:08,職場に父親に似た人がいて、弁解を全て言い訳ととって、否定されたことがあった。職場なのにフラッシュバック起こして、薬飲んでるのに、無理レベルでちょっと事務所で休んでいいですか？って泣いてたことがある,1,0,355,172
id,user,created_at,text,fav,RT,follower,follows
1.335E+18,as4rie228,2020/12/4 23:23,キャーキャー😍マッハとにこるんが💕💕本当なら、なんだか嬉しい！藤田ニコル、稲葉友と熱愛報道　事務所否定せず  | ORICON NEWS https://t.co/PCZXeniXUN,0,0,244,293
1.33497E+18,zpaYQGtQQ6sXwWr,2020/12/4 21:18,@Q6jsHpuUea6hoQa あなたのほうがよっぽどお好きなVTuberを否定されて感情論でものを言っている馬鹿に見えますが…。そもそもアトラス公式でペルソナ３の配信が禁止されており、それに対して配信したいという強い思いがあるのであればきちんと事務所に所属されているのですから会社で許諾とってもらえばいいだけです。→,0,0,1,0
1.33493E+18,G_low03,2020/12/4 18:43,BTSさんさビルボードの工作否定してんならマジで無断で動画載せてるんだから事務所が全員著作侵害で訴えてくれたら止まるんじゃない？人の死ですらタグつけて動画流してるとか正気の沙汰じゃないわ,0,0,39,33
1.33493E+18,jaru_zukan,2020/12/4 18:33,[ウルトラズ]左からトースター松林、ホンコンチュニジア、ジッパージャンパーの三人で構成されるロックバンド。代表曲は「ヤッター」「アホグラミー賞」など。本人らはウルフルズとの関係を否定していたが、芸能事務所の意向によりコラボが実現した。登場回：ウルフルズに影響されている奴 https://t.co/ARxiOiZYvB,0,0,65,60
1.33489E+18,sexy__One__,2020/12/4 15:56,@il   カズマ、超長文思考、表じゃ文字数足りへんから裏が好き、二人切りで話すんが好き、健全な男ですけど、別に不健全否定しない、ちゃんと話せるんやったら不健全も歓迎してる、言葉遊びも嫌いじゃない、君の事教えて、敢えて事務所とかも問いません、女性もどうぞ、音声関係否定も肯定も無し、以上,0,0,0,0
1.33488E+18,peacockpiko,2020/12/4 15:23,「他殺を疑わない、一日中自殺と報道する」こんなとんでもない誓約書の存在を事務所アミューズは未だに否定しません恐ろしい事が隠蔽されようとしているかもしれません。＝悪事や犯罪を野放しにする事になります何もできないと無力感を感じず、一人一人が厳しい目をまず持って下さい#三浦春馬 https://t.co/yY1m52P3ZJ,44,10,105,96
1.33487E+18,tweet4224,2020/12/4 14:27,恩を返す事＝事務所に残る事その考えを否定するつもりは無いけど、その言葉を公にして欲しくは無かったかなぁ同じ事務所に所属しててもタレントそれぞれの状況や事務所との距離感も違うだろうから😢,0,0,54,58
1.33481E+18,NohanaHaru,2020/12/4 10:40,@011401190517_mi そうらしいですね。寄付金の少なさ、相談していたと前から噂あったけど事務所は否定してないので事実だと受け止めています。,0,0,116,113
1.3348E+18,spring35gongon,2020/12/4 10:03,【多様性を否定した世界　その1／地上波テレビ】特定の芸能事務所、特定の広告代理店、特定の制作会社が跋扈するテレビ業界。最近のテレビはそこに所属する芸能人を「売り込む」場所になった。多様性が無い人と物の通販番組は、こんなにつまらない、と自ら毎日証明している。,0,0,299,410
1.3348E+18,_MYMT1,2020/12/4 9:49,@narunesi117 仕事は出来る人だから事務所的には残したい人材だろうからね…賠償金とか片持ちしてるっぽいし。不倫相手の出した情報を否定もしてないからマスコミがネタに出来る要素が多すぎるしな〜,0,0,80,79
1.33477E+18,arakidonsan1,2020/12/4 8:03,綾瀬はるか、永野芽郁と連日チュー！佐藤健のキスシーンの「魔力」 所属事務所は交際を否定しており、「友人の一人」とコメントしたようです。 https://t.co/PPJ0bdmMiR,0,0,1665,1775
1.33476E+18,sugar_0103,2020/12/4 7:24,シントーくんはY作品多いね。私はクリスくんのY作品も観たいな〜クリスくん自身がシントーくん以外とはやらない、的な話もあるけど某インタビューでは否定してたしな。事務所にそこら辺は任せるって言ってたし🤔,0,0,13,9
1.33475E+18,AFanWithNoName,2020/12/4 6:28,#堀北真希 は引退してないでしょ。事務所側の対応を見れば、直筆コメントでも「引退」を明言するように求めたであろうことは容易に想像できる。にも関わらず「引退」「辞める」という言葉をあえて使わなかったのは、堀北側に「引退」を否定する意図があったってこと。つまり、実際は育児休業。,0,0,12,0
1.33474E+18,curea_7zvoice,2020/12/4 6:09,@miwako97970078 事務所に女子1人やったからな、もう余裕無くて、全力否定したどね。疲労がピーク来た模様。熱出てもーた。,1,0,154,149
1.33474E+18,luckyhandhuman,2020/12/4 6:00,----自分がやってるワイドショーって存在の完全否定。 事務所の強弱や人によって対応変えてきておいて今更何を言ってるんだ。 坂上さんは会見するべきだってずっと言ってたじゃん。 会見見ていて気持ち悪かった？ リ...#Yahooニュースのコメント https://t.co/6f1WrYdtB9,0,0,43,467
1.33472E+18,browinthewindDa,2020/12/4 4:40,木村氏でなく事務所だと論じるKの陰謀さんがまさにそれに当てはまるのではと思います。木村氏が日頃お世話になる所属事務所を誇張して毒を垂れ流したらSmile up projectという木村氏はじめとして掲げているグループの垣根を越えた事務所一丸となっての活動さえ真っ向から否定してる事になりますよね,0,0,95,93
1.3347E+18,astro_village,2020/12/4 3:10,私の事務所の担当アイドル概念ありすが担当で、ぴにゃが好きという感性が独特らしいのも相俟ってなのか。綾瀬穂乃香はイチゴパスタは好きという概念は公式が否定しない限りは壊れないと思う。なんなら柚が道連れで穂乃香を連れていったら気に入ったというストーリーすらあるから。,1,0,130,146
1.33466E+18,CIW3gb7jvtJNXrK,2020/12/4 0:59,新しい事業所の社長会話したら持論を押し付けてくるわ俺の考えをとことん否定してくるわでめちゃくちゃムカついて夜中に覚醒して朝まで寝られへんくらいに体ん中イライラが篭ってる代理請求のお金がまだ事務所に入って来てないからやろうけどその苛立ちを俺にぶつけるな！,3,0,259,410
1.33465E+18,kuma_natu,2020/12/4 0:04,渡部さんを叩いていいのは奥さまと事務所関係者とスポンサーのみ我々が叩いていい訳ではないのに何故叩くのか※政治家は人格否定ではなく政策で問い詰めるのはありと思ってるあ、生コンと二重国籍は解明するまで叩くべきだと思ってる,0,0,104,250
id,user,created_at,text,fav,RT,follower,follows
1.33515E+18,sjhstation,2020/12/5 9:05,左翼ちゃんねる : 【デマ】ジョージア州務長官の事務所「投票用紙は違法に秘密裏に数えられた」と認める！とスレが立つもFOX「州務長官は否定」https://t.co/Ni5e9VyAGi,0,0,585,1625
1.33515E+18,PSeamo,2020/12/5 8:57,【じゃる】うんこちゃんが所属する事務所MURASHの社長。ゴリラ。イベルトを通じて知り合った。うんこちゃんの配信スタイルや視聴者を決して否定せず、「その加藤純一をマネジメントするんだから、それ変えちゃったら意味がない」と言い切った。その考え方にうんこちゃんが惚れ込んだ。,2,0,1146,5
1.33514E+18,chouruonna,2020/12/5 8:51,真面目ニュース速報 : 【デマ】ジョージア州務長官の事務所「投票用紙は違法に秘密裏に数えられた」と認める！とスレが立つもFOX「州務長官は否定」https://t.co/N6sWRJLkZn,1,0,968,945
1.33514E+18,YesNoUpdown,2020/12/5 8:42,出ていく人は自分の未来を見ているその事を否定することはしない事務所に残って社長の遺志を、教えを背中で見せてくれる先輩の考え方が私は好きだなぁ東山さんや木村さんのように、推しにも背中を見せる先輩でいて欲しい,7,1,116,109
1.33514E+18,nonbeiyasu,2020/12/5 8:19,【デマ】ジョージア州務長官の事務所「投票用紙は違法に秘密裏に数えられた」と認める！とスレが立つもFOX「州務長官は否定」 : おーるじゃんる https://t.co/Mlo2FeaFd9,4,2,4773,5043
1.33513E+18,atena_sokuho,2020/12/5 8:11,【デマ】ジョージア州務長官の事務所「投票用紙は違法に秘密裏に数えられた」と認める！とスレが立つもFOX「州務長官は否定」 https://t.co/kh44vEVxPE,0,0,1569,1787
1.33513E+18,geinounewera,2020/12/5 8:04,【デマ】ジョージア州務長官の事務所「投票用紙は違法に秘密裏に数えられた」と認める！とスレが立つもFOX「州務長官は否定」 https://t.co/jev5bxtE4Y,0,0,1478,2221
1.33513E+18,crx7601,2020/12/5 8:01,【デマ】ジョージア州務長官の事務所「投票用紙は違法に秘密裏に数えられた」と認める！とスレが立つもFOX「州務長官は否定」https://t.co/Gv1tAjnHb6,9,7,5628,5366
1.33508E+18,AFanWithNoName,2020/12/5 4:48,#堀北真希 は賢い。「円満退社」の建前上、事務所に反して自ら「引退」を否定することは得策ではない。だが逆に「引退」「辞める」と明言しないことで、事務所が主張する「引退」に疑問符がつく。実際、今回の件を「実質的には育児休業であり、いずれ活動を再開する」とみる芸能記者は少なくない。,0,0,12,0
1.33504E+18,bboyjapasan,2020/12/5 2:10,謝罪会見に投げ銭。すごくいいなと思いつつ、投げ銭が集まる人はいいけど集まらなかった人へのダメージ凄そう。「投げ銭すら集まらず」という事実が、国民全体から否定されてる感じになりそうなのと、ユーザーに紛れて事務所がめちゃ投げ銭したりすることで自作自演もできちゃいそう難しい問題。 https://t.co/LWqEbqCTxM,0,0,1786,963
1.33502E+18,6BmJD9a899mJevU,2020/12/5 0:49,自分がやってるワイドショーって存在の完全否定。事務所の強弱や人によって対応変えてきておいて今更何を言ってるんだ多くの視聴者が「坂上忍はどんだけ偉いんだ」って思ったはず。坂上忍「どんだけ偉いんだ？」 渡部へ「ガキの使いじゃない」質問に激怒(デイリースポーツ)#Yahooニュース,0,0,17,81
1.33502E+18,t21386170,2020/12/5 0:25,事務所のハエがうるせぇなんか特徴のある声で文句しか言わんし否定しかせん,0,0,66,179
1.33502E+18,nizinizi123125,2020/12/5 0:18,"よく知らないけどonceとプロフィールとかに書いた上でNiziUの悪口めちゃくそほど書いてる人ってなんかえモモとかがそういうの""残念な人""って思ってるのに大丈夫なのかな？TWICEからしたら事務所の可愛い後輩なわけでそこ否定とか始めたら大きく分ければ同じJYP否定してるしまぁ知らんけどいいの？",2,0,193,191
id,user,created_at,text,fav,RT,follower,follows
1.33568E+18,arakidonsan1,2020/12/6 20:33,綾瀬はるか、永野芽郁と連日チュー！佐藤健のキスシーンの「魔力」 所属事務所は交際を否定しており、「友人の一人」とコメントしたようです。 https://t.co/PPJ0bdmMiR,0,0,1671,1779
1.33561E+18,run_sp,2020/12/6 15:59,坂本冬美 - 「ブッダのように私は死んだ」Music Video - YouTube本人も事務所もレコード会社も気づいてるかもしれないけど、ガチの演歌より、フォークソングをカバーした「また君に恋してる」に続いてこの曲（歌謡曲）の方が良い。演歌を否定してる訳じゃない。 https://t.co/8k8oxNnJuT,0,0,79,89
1.33559E+18,arakidonsan1,2020/12/6 14:34,2020年最新 綾野剛 佐久間由衣 綾野剛さんの事務所は今回の熱愛報道を否定していますが、フライデー画像からは「やっぱり付き合っているんじゃないの？」と思わせるような雰囲気が漂っています！ 綾野剛さんは「３０後半で結婚したい」と言っていて、&amp;hellip。 https://t.co/Cne6CeGg71,0,0,1671,1779
1.33554E+18,takaoyome3,2020/12/6 11:11,本気で取り組んだ結果、感染爆発起こしてる十勝地方でも今のところは無事にやってる事務所もあったりするんで、現場猫の描写が土建屋全体の傾向とは考えて欲しく無いお気持ち有るんでち。…まぁ、あるあるネタな事は否定出来んけど。 https://t.co/XHW9LBh1RE,8,1,2888,2406
1.33552E+18,Love4clover_RIE,2020/12/6 9:54,私も東山先輩に同意。それぞれの人生だし。それぞれの考え方だから否定はしないけど。ジャニーさんに感謝してるなら、退所しないで事務所を支えるのがホントの恩返しだと思う。事務所を辞めずにより良い方向に事務所を変えて行けばいいだけ。個人的にはそう思っている。#東山紀之 https://t.co/5Xay33VVsC,2,0,6,26
1.33549E+18,udk_mkt,2020/12/6 7:59,だから、紡ちゃんが、事務所が、今回環くんにあの役を振るにあたって、どんな話をしたのか、どう受け止めて演じたのかは気になるけれど、結果演じることを決断し、演じ切った環くんはとてもすごいと思うし裏側を知る人間として辛い気持ちもあるけど環くんのお仕事を否定なんてできない。,1,0,80,180
1.33548E+18,kawama2_,2020/12/6 7:02,藤田ニコル、稲葉友と熱愛報道　事務所否定せず - 記事詳細｜Infoseekニュース https://t.co/SJJhHHpeYL,0,0,2722,2648
1.33547E+18,Golden_hamster,2020/12/6 6:16,@yunishio ですね。「そんな時間が無かった」って言い分は、「ワイら事務所『は』やってないで」というものであって、他の誰かがやった事は否定しておらず、「そんな事するヤツがワイらの中に一人だっているわけないやろ！」というものではないですよね。,0,0,835,458
1.33546E+18,Haruma66888419,2020/12/6 5:59,推しに名誉ある賞や数字を獲らせたいがためにファンが圧力かけすぎると盲目なファンが騒いでるだけ。どうせ事務所の力でしょ。と、推しの価値ひいてはその名誉さえ否定されることよくある。推しの実力を信じましょうよ。外から見ると圧力しんどいよ。静かにしていてもちゃんと評価されるから。,3,0,38,60
1.3354E+18,ank0963,2020/12/6 1:46,@tos 一切対応しない事務所の無責任さに呆れるというか。建前でも否定しないからファンからの不信感は募るし矛先がファン同士や他面にまで向かって。仮に炎上商法とはいえここまでくるとメリットを感じないんだよな。何がしたいのかがわからずただただ不思議。会社くんきみお金儲けしたいんだよな？,0,0,58,17
1.33539E+18,S88750101,2020/12/6 1:13,出演タレントそのものは否定しないし彼らが泥棒をやっているわけではないだろう。ただエイベックスという事務所は関連グループも含め集団ストーカーに参加し泥棒にも関与していると思われる#NIKE#ナイキ#詐欺撲滅,0,0,12,24
id,user,created_at,text,fav,RT,follower,follows
1.33609E+18,N47boG3ngiIu9CB,2020/12/7 23:28,いきなりマネージャーに別れて…だなんて非常に切ない。当人同士の気持ちを尊重してあげれば良いのに…これでギクシャクせんとえぇのに…そしてクォン先生は否定したが弁護士事務所の仲間は味方になってくれたら良いな…とオイラは思った…#真心が届く,5,0,28,40
1.33607E+18,arakidonsan1,2020/12/7 22:03,綾瀬はるか、永野芽郁と連日チュー！佐藤健のキスシーンの「魔力」 所属事務所は交際を否定しており、「友人の一人」とコメントしたようです。 https://t.co/PPJ0bdmMiR,0,0,1671,1779
1.33606E+18,maria10256,2020/12/7 21:32,@mikarin7771 私も詳しくないけどやっぱりカップルリングと間違われたらしく？事務所側から否定したとか？？ 協賛された品とかなんとか？ってかこの絵はもう付き合ってますから😤😤😤ってなるわよ😑,0,0,178,146
1.33604E+18,Sound_Luxury,2020/12/7 20:17,藤田ニコル 稲葉友と“極秘交際”報道 事務所は否定せず「本人に任せています」 https://t.co/F6x2HudfWF,1,0,244436,65668
1.336E+18,nka0711,2020/12/7 17:12,エプロンつけたままだと尚いい。そんな黄瀬くんに黒子っちもびっくりする。黒子っちケガしてるし、警察に囲まれた酔っぱらいは話にならないしで黒子っちよりも黄瀬くんの方が怒ってる。ニュースにもなってなんか変に湾曲されちゃったニュースになったりして事務所が否定するはめになって黒子っちが,38,0,1144,380
1.33599E+18,aimao4224,2020/12/7 16:54,麻雀！🎵一瞬で終わったシェー😆事務所笑なんでじゅつしが謝るの？🤣寝てるの可愛い💛おむすび怖い、、井矢見って漢字あったんだ、、！苗字なの！？ととにゃーキター💕プロセス辞めたの？？にゃーちゃん優しい🥺性格いいってのも否定しなかったし✨やっぱりにゃーちゃん好き,1,0,174,457
1.33598E+18,Merricat_998,2020/12/7 16:23,スノ以外のグループはよく知らんけど配信ドラマの件も出演者が「話題になってるらしいけど新しいことをやるときは否定されることもある」とか言ってたし（あれが新しいという感覚よ…）事務所全体としていろいろ根深すぎてちょっと無理…となってる。,0,0,158,977
1.33598E+18,ko1kubota,2020/12/7 16:22,下の4人は木村本人にそう言われたら決して言わないだろう。唯一同級生の中居だけが半分逆らって誰も悪くない発言をしたんだと思う。何故木村は悪くないと言ってはいけないのか？それは間接的に悪いのは事務所だと言うのと同じだからだ。だから彼らは事務所が流した嘘を否定しない。,21,0,3613,4648
1.33597E+18,qy_70,2020/12/7 15:47,生き残るためなら何してもいいの？事務所はもう少し考えてよ。このモノマネについては圧倒的に否定意見が多いからね？そもそもジャニーズのモノマネして一般人は分からないから。似てるか似てないか分からないモノマネされて周りはどう反応すればいいわけ？,0,0,0,15
1.33597E+18,lil_ktr_okzk_,2020/12/7 15:12,扇野くん、ドリパビのバックついて欲しい気持ちはある(はじめまして～ってしたい)けど、(リトかんは公演名に入ってるから体調不良でもない限りはmustで出るだろうけど)、感染はしてほしくない…でも会いたい…でも事務所がBoys beだけをバックにつけるって決めてる可能性も否定できない…,4,0,35,42
1.33596E+18,hina20070115,2020/12/7 14:41,というかTikTokとかからたけもね共演NG！みたいなのよく見るんだけど、まじでどっからそう思ったのか毎回謎。たけもね推してる私が思うのは、共演NGの方信じるより、もしかしたらそうなんじゃない？💕って考える方がポジティブでいい気がする🧐まぁ事務所から否定されればそれまでだけど… #たけもね,46,0,407,418
1.33594E+18,dqPzfrHmTcjG0AD,2020/12/7 13:51,@kCMR9IC1MfOPua0 なるほど… ただそのそれを信じるならホテルに行ったと書いた文春も信じることになりますが…🤔不祥事に関して虚偽だった場合、事務所側はいつも否定してるイメージなんですがそれがなかったので そういうことなんだろうなと私は思ってます,0,0,0,0
1.33594E+18,KK_51410,2020/12/7 13:45,スピード感無い事務所って否定したのが、都合のいい時だけ、つけてもらった弁護士のおかげな契約持ち出すなよ。NEWSネタが貴重な数字稼ぎネタなんだろうけど、もうすぐ半年経つんだから、新しい手を打ったら？,0,0,132,35
1.33594E+18,syunyosan,2020/12/7 13:18,@mayukitty_ 怒ってるってより否定的の方が正しいんかな？さにれーびーむとか、てれふぉんこーるあたりは事務所てきなあれで聴けないけどYUI小倉はそのまま使えるからねってことじゃ😯,1,0,134,164
1.33593E+18,_murayama,2020/12/7 12:59,桜を見る会の前夜祭を巡る国会でのやり取り。主催者の安倍首相は野党質問に対し、ホテル側との契約主体は参加者個人で、ホテルから事務所への明細発行を否定。5千円の参加費も妥当だと説明。説明が苦しくなると毎度、野党が云々と話題を逸らし、時間を引き延ばしてばかり。やれやれ。,2,1,4925,103
1.33592E+18,pinkspider7momo,2020/12/7 12:04,事務所ありがとうとか事務所に否定的な人はとか見るたびに事務所？事務所に感謝？事務所意識した事ないなって思ってよくわからない。世の中の人って好きな芸能人と同じくらい事務所気にするのか？ジャニーズはわかるんだけど,0,0,24,21
1.33592E+18,harema01,2020/12/7 11:56,@nikotamaseisaku 春馬君の第一発見者はマネージャーと最初に入った管理人ですよね？他の俳優さんは家族が見つけた為、情報が遺族によって守られています。事務所から警察の広報課に向けた内容がゴシップのようなものだったかは分かりません。発見時身内以外が入っているので漏れる可能性は否定出来ません。,0,0,12,24
1.33592E+18,kouduki0c,2020/12/7 11:53,@o7CJreQ5vPQQwJO @snapwith まずその会社は「米国でのサービス用サーバーは全て米国内に存在する。フランクルトには事務所もサーバーもない」と明確に否定して、米陸軍も否定しているので完全なデマですよ　https://t.co/Rw2VtTuoHi,6,0,331,278
1.33591E+18,masahiro38zaki,2020/12/7 11:15,個人事業主の税理士事務所なんだけど、将来的にスタッフが活動しやすいように、屋号を変えてみたいと、ふと思う。変更してOKなら、変えたいな♬実は、考えている事務所名のネタはある…否定されそうなため、スタッフには正式発表していない…#独り言　#税理士,16,0,1068,1998
1.33589E+18,kazminutes2020,2020/12/7 10:25,ハメネイの事務所に近いイラン当局者は彼の健康についての噂を否定している-ファールス(reuters)(自動翻訳)https://t.co/GxY5TVicdr,0,0,261,38
1.33588E+18,t_kid121,2020/12/7 9:26,@toru_prime 否定はしてないからダメとか良いとかねーよ笑笑そんなんあるのしらなんだ( ´Д`)y━･~~てか事務所に置いてきてiQOSなう( ´Д`)y━･~~,0,0,722,811
1.33588E+18,nor_775,2020/12/7 9:15,@Roen258 こいつらもJアドバンテージは否定できないよ……事務所もYouTube方面を売り込んだりせんのか？もどかしいね。お皿みたいになんか1曲ものすごく注目されるやつがあるといいんだけど、めちゃくちゃ狙ってやると当たらないのは世の常だもんなぁ……………,0,0,30,97
1.33583E+18,spring35gongon,2020/12/7 6:30,【多様性を否定した世界　その1／地上波テレビ】 特定の芸能事務所、特定の広告代理店、特定の制作会社が跋扈するテレビ業界。最近のテレビはそこに所属する芸能人を「売り込む」場所になった。多様性が無い人と物の通販番組は、こんなにつまらない、と自ら毎日証明している。,0,0,302,410
1.33581E+18,mgdg_tg,2020/12/7 4:57,@kkkoookkk963 @e97y3ZXrfvYSbE5 🌈の所属事務所の代表兼プロデューサーの🦍は原爆MVで物議醸してましたよー。そんな事務所からデビューした🌈も一緒です。人の事否定するのならもっと調べた方がいいよ😘低脳ちゃんかわいい♡,1,0,13,13
1.33581E+18,jgtk_2008,2020/12/7 4:37,今は在宅勤務ですか？とか聞かれることがあり、「事務所に出てますよ。朝は遅めに出社するようにしてますが。」と答えてるんだけど、昔から知ってる人は、「前と変わらないってことですねw」と返される。否定はしない。,12,1,4215,153
1.33577E+18,2kHAty3GbAwU7Lq,2020/12/7 2:34,「簡単にまとめます」の次にいきなり「彼の他殺を疑わない」と出てくるのはこの誓約書で1番強調したい部分のはず。WHOの規定を破ってまでなんでだろう？　#情報操作　のため？　この誓約書がデマならば事務所に否定して欲しいです　#三浦春馬 https://t.co/WWPf87HOmN,30,11,258,234
1.33577E+18,shige_f_1984,2020/12/7 2:16,会見での渡部健さん「違約金は責任を持って支払わせていただきました」→関係者「事務所が立て替えてます」https://t.co/6h3yysnU8S 事務所側がわざわざ否定したの？メリットある？渡部に？見限ったかな？,0,0,36,240
1.33574E+18,WmftnKJj3uGuWp9,2020/12/7 0:33,SiriさんのことはA擁護の人たちも見に来てるはず。こんなに個人のTweetに個別に注意しに来るAが知らないとは考えれないでもなぜ事務所は否定しに来ないの？ありがとうの人でもこれはやっぱり真実なんじゃ？って思ってる人もいると思う。あの告発でファンが纏まれたらもっと大きな力になれると思う🥺 https://t.co/85YouHf2m7,3,0,49,53
id,user,created_at,text,fav,RT,follower,follows
1.33646E+18,WmftnKJj3uGuWp9,2020/12/8 23:53,@XPDixaP7VqplFWE @usaginoyumemita @Siri39240941 この件に関しては事務所から否定があってもおかしくない内容だと思います。寧ろ否定してほしいとご本人も仰ってるのを見ました。遊び半分や興味本位じゃないのではとお伝えしたまでです。カネ恋やその他の議論ならそちらの場でお願いします。,0,0,49,53
1.33643E+18,sdldestroyer,2020/12/8 22:16,quest法律事務所に労働審判頼んだけど大損だった報酬は馬鹿みたいに高いのに仕事全くしない裁判官が提示した金額に収まるんやったらお前いらんねんけど訴訟にも否定的だったのは能力が無いからだろこんなポンコツに訴訟任したらロクな事にならん思ったからクソみたいな金額で終わらせたけども,0,0,2,3
1.33642E+18,spiral_group7,2020/12/8 20:59,暇な店長がいるでしょ！店で一番暇なのは店長。よく学校問題で教頭やら教育事務所などに話するが、暇なのは校長だけでしょ？と言うと苦笑いで否定せず逆に賛同までありますよ(笑) https://t.co/XGmNMgp9rm,0,0,214,423
1.33639E+18,DianaS46760352,2020/12/8 19:31,スパイ容疑についてはこちらのアキシオス紙が詳しいので貼っておきます。マイケル・ホンダ議員の事務所は当然否定。https://t.co/ToSOdwu6AW https://t.co/A9GJ7dZrlZ,10,2,1399,1962
1.33638E+18,loveshuse,2020/12/8 18:24,...お金の為には頑張ってくしかないんだけど、、。なんだかまた、N氏に事務所に呼ばれる事態がすんげぇ恐怖だって解んないかなぁ(´･ ･`)私は表現しようしようって頑張ってる。なのにそれを否定するんだよね。てめぇが居るからそこ働き #コミュ障  過食症,0,0,128,308
1.33636E+18,Lycoris_JPN,2020/12/8 17:18,@nekogata0628 小沢一郎って大物感あるのに「政治で何か実績あるっけ？」ってなりますよね（笑）銭ゲバ古狸という言葉がよっぽど都合悪かったのでしょう。まぁ、信者以外は同じ認識だから今さら事務所も否定しなくていいのにと思います。歌舞伎役者のように鮮やかなんですね☺,1,0,860,870
1.33635E+18,me000suicide,2020/12/8 16:59,知ってるよ😂😂😂😂てかそもそも、事務所否定してる時点で騒がないよ😂公式しか勝たんもんね？🤦‍♀️揚げ足取り必死ブスノ担？こんとき、私が思ったのは知名度なかったのに信ぴょう性なさすぎることが記事になったことに驚いた😂さすがサラブレッド！事務所は否定してるにもう答え出てるよ〜😂😂😂😂 https://t.co/WJRXOWZMcW,13,0,9,84
1.33635E+18,robinsonmanana,2020/12/8 16:37,2014年9月に農相に就任し、環太平洋連携協定（TPP）交渉が大詰めに入った15年2月、国の補助金交付先側からの政治献金問題が浮上。違法性を否定したが、TPP交渉への影響も考慮し、農相を辞任した。16年6月、日本養鶏協会関係者からの現金受領も発覚。当時、事務所は「寄付者が不明だったため返した」と,0,0,448,637
1.33635E+18,Cocorin_TERA,2020/12/8 16:32,自分も特別事務所擁護派という訳でもないが(もちろん否定派でもない)49日迄の沈黙が何だか寂しく感じてしまっていたのも事実健くんも沈黙だったからどう思ってるんだろう？と心の内で思った事もあったけど、49日の公式のお知らせを見て「喪に服していた」と言う言葉がしっくり来たし安心した,18,2,749,809
1.33633E+18,kanako_o,2020/12/8 15:22,被害妄想の可能性は否定しない、でも事務所異動した（まだ続けてるかな…）あの子だったり、社会人大学院？入るっつって辞めたあの人だったり、結局いつも誰かが槍玉に上がっていた気がする,0,0,1258,4968
1.33633E+18,mgmg_yk_at1125,2020/12/8 15:04,某事務所男性陣ほぼ箱推し別ジャンルの話ですが、プレゼント企画に応援してるタレントへのメッセージをお書き下さいって書いてあって男性陣23人中13人に書いて送信したあとに4人書き忘れたことに気づいたよね…何が言いたいかって言うともうDD否定出来ない😱😱😱推しにも様々な推し方とレベルが文字数,0,0,169,223
1.33632E+18,wanwan__08,2020/12/8 14:31,そういえばブスノって騒いでるスト担は昔きょもが風俗かなんかが出禁になったっていう週刊誌しってるかな、事務所は否定してたけどそういう店に通ってた事実を知ってきょもをアイドルとして見れなくなったな〜推しの性事情なんて知りたくなかったな〜,2,0,0,19
1.3363E+18,XPDixaP7VqplFWE,2020/12/8 13:28,@WmftnKJj3uGuWp9 @Siri39240941 事務所はそんな事実が無いからあんた達のやってる事を否定してるし！少なくとも49日まで色々検証して結果をちゃんと報告してるし雑誌やネットニュースでも一部のファンの過剰な憶測と書かれてるよ！世間一般はそれを目にして不快な思いしてるんだよTwitterだけの問題じゃないんだよ！,5,1,1,11
1.3363E+18,ParstodayJ,2020/12/8 13:27,#イラン革命最高指導者 事務所が、同指導者の健康状態に関する外国メディアの報道を否定 「敵の期待に反して、また、神の恩寵、#ハーメネイー師 を敬慕する人々の祈祷により、同師は、健康で、活力的に通常通り、その業務を行っている」https://t.co/7WEfXKHqi0 #Khamenei https://t.co/j2jzKuqIJE,4,1,2749,35
1.3363E+18,Celticmythology,2020/12/8 13:10,〉代理人事務所の関係者は「ロハスについて、少なくとも阪神、巨人以外の日本の球団の撤退は間違いない。大筋合意という報道も事実とみていい。今はコロナ禍での家族へのケアや住居、環境面などを詰めている段階。報道を否定したのは、契約合意に飛びついて細部で足元を見られないためだろう」と分析 https://t.co/pX8vMqxKOw,0,0,1329,96
1.3363E+18,shirasu_myk,2020/12/8 13:05,え、テレビ見ないから知らんのやけどここ数ヶ月？ついに検察も動いて安倍総理の時に国会答弁で否定したのに「国会であれだけ否定しておいて事務所がお金を払ってたらまずいでしょ？」って言われたんだけど。え、テレビってまだその安倍元総理に難癖つけてんだ？？んで親はそれを鵜呑みにしてんだ？？,0,0,43,63
1.33627E+18,morikai3,2020/12/8 11:38,声優さんらに対する誹謗中傷の対処については対策を打つ事務所が増えてきたけど、制作スタッフへも何かしらの対策が必要な時代な気がする。小太刀氏に色々言いたい気持ちは正直わからないでもないけど、作品批判と人格否定は別ものだと理解しないといけない。,4,2,146,820
1.33627E+18,AFanWithNoName,2020/12/8 11:31,#堀北真希 は引退じゃなくて実際は育児休業だよ。「円満退社」という建前上、事務所の主張する「引退」を真っ向否定するのは難しいけれど。今 否定をしてマスゴミに周辺をうろつかれるのも御免だしね。でも堀北サイドの誰も「引退」「辞める」とは言ってないし。育児が落ち着けば活動を再開するよ。,0,0,12,0
1.33624E+18,AFanWithNoName,2020/12/8 9:25,#堀北真希 は引退してないでしょ。事務所側の対応を見れば、直筆コメントでも「引退」を明言するように求めたであろうことは容易に想像できる。にも関わらず「引退」「辞める」という言葉をあえて使わなかったのは、堀北側に「引退」を否定する意図があったってこと。つまり、実際は育児休業。,0,0,12,0
1.33622E+18,stms1212,2020/12/8 8:18,＞ある代理人事務所の関係者は「少なくとも阪神、巨人以外の日本の球団の撤退は間違いない。大筋合意という報道も事実とみていい。いまはコロナ禍での家族へのケアや住居、環境面などを詰めている段階。わざわざ報道を否定したのは、契約合意に飛びついて細部で足元を見られないためだろう」と分析。,0,0,396,478
1.33622E+18,keishouo,2020/12/8 8:00,これ、マジ！？https://t.co/LBubDPzBAkある代理人事務所の関係者は「少なくとも阪神、巨人以外の日本の球団の撤退は間違いない。大筋合意という報道も事実とみていい。住居、環境面などを詰めている段階。わざわざ報道を否定したのは、契約合意に飛びついて細部で足元を見られないためだろう」,0,0,13,31
1.3362E+18,___magicisland,2020/12/8 6:44,去年も新人なのに尺が長いとか言われたけど先輩とか事務所の力だけで彼らが成り立ってるとか言われるの本当に面白くないな～尺に関しては確かに事務所の力かもしれんけど彼らの実力とか努力とかそういうものまで全て否定しないで欲しい,70,1,744,59
1.33615E+18,n6jAifOG0hDotUa,2020/12/8 3:40,@ISOKO_MOCHIZUKI 立憲所属の議員さんの事務所で公職選挙法内のお茶をいただきました。家に帰り家のやっすいいつものお茶を飲んだところ、いつもより味がしないきがします。コロナでしょうか？こういえば、それは違うとすぐさま否定してくれるんでしょうね。,0,0,9,48
1.3361E+18,WmftnKJj3uGuWp9,2020/12/8 0:07,@XPDixaP7VqplFWE @Siri39240941 この方々がこの情報を掴むのにどれだけの苦労をされて、どれだけの時間を注ぎ込んだかご存知ですか？こんな悲しく恐ろしい事、否定したかったけど事務所からの否定もなく色々検証を積み重ねた結果真実と思わざるを得なかったのだと思います。前後のやり取りや発言をご覧になった方がいいかと。,37,1,49,53
1.3361E+18,cheap_watchdog,2020/12/8 0:07,事務所をタダで提供してもらえるって端的に羨ましいですがそれ自体は支援だから否定はできないでも記載のルールがあるのは健全な選挙競争のためなんだから…🙄https://t.co/XYwkdxqRDq,1,1,1247,3815